timestamp,nose_x,nose_y
2025-05-19 01:40:05.623470,325,221
2025-05-19 01:40:05.674131,326,220
2025-05-19 01:40:05.690385,326,217
2025-05-19 01:40:05.712208,326,217
2025-05-19 01:40:05.749317,326,218
2025-05-19 01:40:05.786219,328,221
2025-05-19 01:40:05.816888,328,221
2025-05-19 01:40:05.848744,327,222
2025-05-19 01:40:05.881052,329,221
2025-05-19 01:40:05.917771,330,223
2025-05-19 01:40:05.949734,330,222
2025-05-19 01:40:05.979856,330,224
2025-05-19 01:40:06.013024,327,223
2025-05-19 01:40:06.050080,327,223
2025-05-19 01:40:06.082202,330,225
2025-05-19 01:40:06.112904,329,226
2025-05-19 01:40:06.146061,330,226
2025-05-19 01:40:06.179670,331,225
2025-05-19 01:40:06.211143,330,225
2025-05-19 01:40:06.243127,333,226
2025-05-19 01:40:06.274431,335,227
2025-05-19 01:40:06.307356,332,225
2025-05-19 01:40:06.343515,333,227
2025-05-19 01:40:06.374380,332,228
2025-05-19 01:40:06.408339,332,228
2025-05-19 01:40:06.443106,334,228
2025-05-19 01:40:06.478992,332,229
2025-05-19 01:40:06.506734,332,231
2025-05-19 01:40:06.540413,333,233
2025-05-19 01:40:06.574510,331,237
2025-05-19 01:40:06.608575,330,240
2025-05-19 01:40:06.640683,329,243
2025-05-19 01:40:06.671187,328,246
2025-05-19 01:40:06.705872,328,248
2025-05-19 01:40:06.740956,325,249
2025-05-19 01:40:06.772390,325,250
2025-05-19 01:40:06.804598,324,249
2025-05-19 01:40:06.836357,322,248
2025-05-19 01:40:06.874012,322,250
2025-05-19 01:40:06.904792,319,247
2025-05-19 01:40:06.936204,319,245
2025-05-19 01:40:06.969978,318,244
2025-05-19 01:40:07.004972,316,245
2025-05-19 01:40:07.036763,315,242
2025-05-19 01:40:07.069252,315,241
2025-05-19 01:40:07.100128,316,240
2025-05-19 01:40:07.138284,313,239
2025-05-19 01:40:07.168140,315,237
2025-05-19 01:40:07.202488,314,237
2025-05-19 01:40:07.232680,314,236
2025-05-19 01:40:07.263829,316,232
2025-05-19 01:40:07.302483,314,234
2025-05-19 01:40:07.333841,316,232
2025-05-19 01:40:07.364855,316,229
2025-05-19 01:40:07.396998,315,230
2025-05-19 01:40:07.433460,317,228
2025-05-19 01:40:07.467036,317,228
2025-05-19 01:40:07.497042,315,229
2025-05-19 01:40:07.529064,316,228
2025-05-19 01:40:07.566121,317,229
2025-05-19 01:40:07.597966,318,229
2025-05-19 01:40:07.628891,317,229
2025-05-19 01:40:07.660893,318,230
2025-05-19 01:40:07.698660,318,229
2025-05-19 01:40:07.728942,318,230
2025-05-19 01:40:07.757993,319,231
2025-05-19 01:40:07.792248,320,230
2025-05-19 01:40:07.828664,319,229
2025-05-19 01:40:07.862577,321,231
2025-05-19 01:40:07.889056,322,232
2025-05-19 01:40:07.925848,323,229
2025-05-19 01:40:07.960251,323,232
2025-05-19 01:40:07.988985,323,232
2025-05-19 01:40:08.025228,325,229
2025-05-19 01:40:08.057498,326,230
2025-05-19 01:40:08.093684,331,229
2025-05-19 01:40:08.124212,332,228
2025-05-19 01:40:08.156034,336,228
2025-05-19 01:40:08.189910,340,228
2025-05-19 01:40:08.224648,340,227
2025-05-19 01:40:08.258136,345,227
2025-05-19 01:40:08.289854,349,227
2025-05-19 01:40:08.320331,352,227
2025-05-19 01:40:08.354061,355,227
2025-05-19 01:40:08.390215,357,227
2025-05-19 01:40:08.420190,356,227
2025-05-19 01:40:08.453926,359,225
2025-05-19 01:40:08.485947,359,225
2025-05-19 01:40:08.522941,360,225
2025-05-19 01:40:08.552976,361,223
2025-05-19 01:40:08.586273,363,223
2025-05-19 01:40:08.617840,362,226
2025-05-19 01:40:08.653262,363,225
2025-05-19 01:40:08.684109,364,227
2025-05-19 01:40:08.717609,364,227
2025-05-19 01:40:08.748121,364,225
2025-05-19 01:40:08.785283,366,225
2025-05-19 01:40:08.818826,366,225
2025-05-19 01:40:08.850040,368,224
2025-05-19 01:40:08.880753,369,224
2025-05-19 01:40:08.918695,371,224
2025-05-19 01:40:08.957391,370,226
2025-05-19 01:40:08.977724,374,225
2025-05-19 01:40:09.014507,374,228
2025-05-19 01:40:09.049212,374,228
2025-05-19 01:40:09.079950,376,228
2025-05-19 01:40:09.112503,375,228
2025-05-19 01:40:09.147941,375,228
2025-05-19 01:40:09.181740,376,228
2025-05-19 01:40:09.211982,377,225
2025-05-19 01:40:09.244372,376,225
2025-05-19 01:40:09.276711,377,226
2025-05-19 01:40:09.309403,379,228
2025-05-19 01:40:09.346213,379,227
2025-05-19 01:40:09.376188,377,227
2025-05-19 01:40:09.409360,376,226
2025-05-19 01:40:09.439534,380,228
2025-05-19 01:40:09.477634,378,227
2025-05-19 01:40:09.507391,381,229
2025-05-19 01:40:09.542911,377,228
2025-05-19 01:40:09.571437,378,227
2025-05-19 01:40:09.611002,381,228
2025-05-19 01:40:09.642986,378,227
2025-05-19 01:40:09.672185,379,228
2025-05-19 01:40:09.704517,377,228
2025-05-19 01:40:09.742917,376,226
2025-05-19 01:40:09.774241,377,228
2025-05-19 01:40:09.806053,376,226
2025-05-19 01:40:09.836591,377,229
2025-05-19 01:40:09.873975,376,227
2025-05-19 01:40:09.903450,376,226
2025-05-19 01:40:09.935881,376,227
2025-05-19 01:40:09.968994,377,228
2025-05-19 01:40:10.005865,377,229
2025-05-19 01:40:10.035626,375,229
2025-05-19 01:40:10.069375,376,229
2025-05-19 01:40:10.101577,376,230
2025-05-19 01:40:10.138970,376,229
2025-05-19 01:40:10.167420,376,228
2025-05-19 01:40:10.201510,374,228
2025-05-19 01:40:10.233487,375,228
2025-05-19 01:40:10.271076,375,229
2025-05-19 01:40:10.299362,375,228
2025-05-19 01:40:10.333195,375,227
2025-05-19 01:40:10.363604,375,229
2025-05-19 01:40:10.398502,375,229
2025-05-19 01:40:10.435101,373,226
2025-05-19 01:40:10.464633,373,228
2025-05-19 01:40:10.498668,373,225
2025-05-19 01:40:10.530269,371,227
2025-05-19 01:40:10.566311,372,226
2025-05-19 01:40:10.597231,371,226
2025-05-19 01:40:10.629833,370,228
2025-05-19 01:40:10.662093,371,226
2025-05-19 01:40:10.699361,370,226
2025-05-19 01:40:10.728549,368,225
2025-05-19 01:40:10.762220,365,225
2025-05-19 01:40:10.793376,368,226
2025-05-19 01:40:10.831702,367,225
2025-05-19 01:40:10.860158,367,226
2025-05-19 01:40:10.894080,366,226
2025-05-19 01:40:10.925976,368,225
2025-05-19 01:40:10.962234,368,226
2025-05-19 01:40:10.992185,368,225
2025-05-19 01:40:11.026073,369,226
2025-05-19 01:40:11.056151,369,226
2025-05-19 01:40:11.094490,367,225
2025-05-19 01:40:11.126930,370,226
2025-05-19 01:40:11.156238,367,225
2025-05-19 01:40:11.190541,368,226
2025-05-19 01:40:11.227097,368,225
2025-05-19 01:40:11.253767,369,227
2025-05-19 01:40:11.288086,368,226
2025-05-19 01:40:11.321802,368,227
2025-05-19 01:40:11.358713,367,225
2025-05-19 01:40:11.388659,370,227
2025-05-19 01:40:11.421681,368,226
2025-05-19 01:40:11.453148,367,226
2025-05-19 01:40:11.484880,368,226
2025-05-19 01:40:11.522771,367,224
2025-05-19 01:40:11.553015,367,227
2025-05-19 01:40:11.584234,366,226
2025-05-19 01:40:11.618692,366,226
2025-05-19 01:40:11.653739,368,225
2025-05-19 01:40:11.685296,368,227
2025-05-19 01:40:11.717055,366,226
2025-05-19 01:40:11.748735,366,227
2025-05-19 01:40:11.786212,367,227
2025-05-19 01:40:11.819376,366,226
2025-05-19 01:40:11.849082,367,226
2025-05-19 01:40:11.881727,368,228
2025-05-19 01:40:11.918303,367,226
2025-05-19 01:40:11.951152,367,226
2025-05-19 01:40:11.980641,365,227
2025-05-19 01:40:12.014970,366,226
2025-05-19 01:40:12.049161,367,226
2025-05-19 01:40:12.083029,366,227
2025-05-19 01:40:12.113807,365,227
2025-05-19 01:40:12.145104,367,227
2025-05-19 01:40:12.183406,366,227
2025-05-19 01:40:12.213126,365,227
2025-05-19 01:40:12.246354,366,226
2025-05-19 01:40:12.276920,365,224
2025-05-19 01:40:12.315181,365,227
2025-05-19 01:40:12.344173,365,225
2025-05-19 01:40:12.379220,366,225
2025-05-19 01:40:12.408071,365,226
2025-05-19 01:40:12.441334,366,228
2025-05-19 01:40:12.479574,364,225
2025-05-19 01:40:12.508383,366,226
2025-05-19 01:40:12.542383,364,226
2025-05-19 01:40:12.572412,365,226
2025-05-19 01:40:12.611196,365,227
2025-05-19 01:40:12.639910,365,225
2025-05-19 01:40:12.675574,365,226
2025-05-19 01:40:12.704422,365,226
2025-05-19 01:40:12.742594,365,227
2025-05-19 01:40:12.772963,366,226
2025-05-19 01:40:12.807871,364,227
2025-05-19 01:40:12.838381,366,226
2025-05-19 01:40:12.875622,366,225
2025-05-19 01:40:12.906169,366,226
2025-05-19 01:40:12.938375,366,226
2025-05-19 01:40:12.970048,367,225
2025-05-19 01:40:13.007396,366,225
2025-05-19 01:40:13.035814,365,225
2025-05-19 01:40:13.070495,366,226
2025-05-19 01:40:13.100714,367,227
2025-05-19 01:40:13.139725,366,225
2025-05-19 01:40:13.169293,366,226
2025-05-19 01:40:13.201399,365,226
2025-05-19 01:40:13.233194,364,225
2025-05-19 01:40:13.268039,364,226
2025-05-19 01:40:13.301131,362,224
2025-05-19 01:40:13.333177,364,226
2025-05-19 01:40:13.365160,364,226
2025-05-19 01:40:13.402668,365,226
2025-05-19 01:40:13.433970,366,227
2025-05-19 01:40:13.464499,365,227
2025-05-19 01:40:13.499218,363,227
2025-05-19 01:40:13.526953,364,227
2025-05-19 01:40:13.567733,365,226
2025-05-19 01:40:13.597033,363,226
2025-05-19 01:40:13.631769,366,228
2025-05-19 01:40:13.660851,364,227
2025-05-19 01:40:13.699745,366,226
2025-05-19 01:40:13.729119,365,226
2025-05-19 01:40:13.762007,366,227
2025-05-19 01:40:13.793038,367,227
2025-05-19 01:40:13.831654,367,226
2025-05-19 01:40:13.862252,368,227
2025-05-19 01:40:13.894489,367,227
2025-05-19 01:40:13.925296,367,229
2025-05-19 01:40:13.963374,366,225
2025-05-19 01:40:13.992191,367,226
2025-05-19 01:40:14.027310,365,227
2025-05-19 01:40:14.057680,366,228
2025-05-19 01:40:14.095263,365,227
2025-05-19 01:40:14.125330,364,226
2025-05-19 01:40:14.159522,365,226
2025-05-19 01:40:14.188794,362,226
2025-05-19 01:40:14.226935,362,226
2025-05-19 01:40:14.257319,364,227
2025-05-19 01:40:14.290318,364,227
2025-05-19 01:40:14.322825,361,226
2025-05-19 01:40:14.360041,361,224
2025-05-19 01:40:14.390937,361,226
2025-05-19 01:40:14.421829,358,225
2025-05-19 01:40:14.453457,360,225
2025-05-19 01:40:14.485680,356,226
2025-05-19 01:40:14.523856,354,227
2025-05-19 01:40:14.552814,353,227
2025-05-19 01:40:14.587287,350,227
2025-05-19 01:40:14.618585,348,227
2025-05-19 01:40:14.655799,344,228
2025-05-19 01:40:14.684847,338,226
2025-05-19 01:40:14.717819,336,226
2025-05-19 01:40:14.749806,333,226
2025-05-19 01:40:14.787400,330,226
2025-05-19 01:40:14.817592,327,228
2025-05-19 01:40:14.849927,323,229
2025-05-19 01:40:14.882668,322,231
2025-05-19 01:40:14.919773,320,230
2025-05-19 01:40:14.948998,318,231
2025-05-19 01:40:14.981647,315,231
2025-05-19 01:40:15.013664,316,231
2025-05-19 01:40:15.051812,316,230
2025-05-19 01:40:15.082789,315,229
2025-05-19 01:40:15.114594,315,230
2025-05-19 01:40:15.146604,316,229
2025-05-19 01:40:15.183774,316,229
2025-05-19 01:40:15.214341,316,230
2025-05-19 01:40:15.248331,317,230
2025-05-19 01:40:15.278177,319,230
2025-05-19 01:40:15.316265,318,228
2025-05-19 01:40:15.344855,317,228
2025-05-19 01:40:15.379545,319,229
2025-05-19 01:40:15.410155,318,229
2025-05-19 01:40:15.448021,317,229
2025-05-19 01:40:15.478449,320,229
2025-05-19 01:40:15.511323,320,230
2025-05-19 01:40:15.542178,319,229
2025-05-19 01:40:15.575492,320,228
2025-05-19 01:40:15.610716,321,228
2025-05-19 01:40:15.641662,322,228
2025-05-19 01:40:15.676293,322,228
2025-05-19 01:40:15.706273,322,227
2025-05-19 01:40:15.743701,322,229
2025-05-19 01:40:15.776468,322,228
2025-05-19 01:40:15.806380,322,228
2025-05-19 01:40:15.839610,322,228
2025-05-19 01:40:15.876299,322,228
2025-05-19 01:40:15.906201,320,229
2025-05-19 01:40:15.938436,320,227
2025-05-19 01:40:15.971777,321,228
2025-05-19 01:40:16.008703,320,228
2025-05-19 01:40:16.036031,320,229
2025-05-19 01:40:16.071954,320,229
2025-05-19 01:40:16.098461,319,227
2025-05-19 01:40:16.140136,319,229
2025-05-19 01:40:16.170384,319,228
2025-05-19 01:40:16.203744,320,229
2025-05-19 01:40:16.234807,318,228
2025-05-19 01:40:16.269724,320,227
2025-05-19 01:40:16.303824,320,228
2025-05-19 01:40:16.335387,320,229
2025-05-19 01:40:16.366569,320,229
2025-05-19 01:40:16.404096,320,227
2025-05-19 01:40:16.433966,318,230
2025-05-19 01:40:16.467138,320,228
2025-05-19 01:40:16.497425,321,227
2025-05-19 01:40:16.536624,321,228
2025-05-19 01:40:16.566794,322,226
2025-05-19 01:40:16.600321,323,227
2025-05-19 01:40:16.630553,325,227
2025-05-19 01:40:16.664432,323,225
2025-05-19 01:40:16.700357,324,227
2025-05-19 01:40:16.729589,324,228
2025-05-19 01:40:16.762766,324,226
2025-05-19 01:40:16.795075,324,227
2025-05-19 01:40:16.830830,325,226
2025-05-19 01:40:16.862252,325,226
2025-05-19 01:40:16.894937,323,226
2025-05-19 01:40:16.928261,323,227
2025-05-19 01:40:16.963673,324,228
2025-05-19 01:40:16.995084,325,226
2025-05-19 01:40:17.027186,323,228
2025-05-19 01:40:17.060666,323,227
2025-05-19 01:40:17.096353,322,227
2025-05-19 01:40:17.126078,323,227
2025-05-19 01:40:17.159673,322,227
2025-05-19 01:40:17.192141,322,226
2025-05-19 01:40:17.228829,323,228
2025-05-19 01:40:17.256537,322,227
2025-05-19 01:40:17.291269,322,227
2025-05-19 01:40:17.322576,323,226
2025-05-19 01:40:17.360548,324,227
2025-05-19 01:40:17.389587,324,229
2025-05-19 01:40:17.424197,324,228
2025-05-19 01:40:17.454254,325,227
2025-05-19 01:40:17.491306,325,227
2025-05-19 01:40:17.521459,324,227
2025-05-19 01:40:17.555181,325,229
2025-05-19 01:40:17.586784,326,228
2025-05-19 01:40:17.619920,325,228
2025-05-19 01:40:17.655022,325,230
2025-05-19 01:40:17.688917,326,229
2025-05-19 01:40:17.718007,326,229
2025-05-19 01:40:17.749692,325,228
2025-05-19 01:40:17.788654,326,229
2025-05-19 01:40:17.819143,326,229
2025-05-19 01:40:17.851588,327,230
2025-05-19 01:40:17.881907,327,231
2025-05-19 01:40:17.919848,327,230
2025-05-19 01:40:17.951840,327,230
2025-05-19 01:40:17.981451,328,231
2025-05-19 01:40:18.017177,328,231
2025-05-19 01:40:18.051299,326,231
2025-05-19 01:40:18.084356,329,231
2025-05-19 01:40:18.115395,327,231
2025-05-19 01:40:18.147395,328,231
2025-05-19 01:40:18.184089,327,231
2025-05-19 01:40:18.213970,328,232
2025-05-19 01:40:18.248475,328,232
2025-05-19 01:40:18.280843,328,230
2025-05-19 01:40:18.316288,327,230
2025-05-19 01:40:18.348230,327,231
2025-05-19 01:40:18.380001,328,231
2025-05-19 01:40:18.410625,326,231
2025-05-19 01:40:18.448879,327,232
2025-05-19 01:40:18.477891,327,233
2025-05-19 01:40:18.511571,325,232
2025-05-19 01:40:18.544346,326,233
2025-05-19 01:40:18.581179,323,233
2025-05-19 01:40:18.610099,325,233
2025-05-19 01:40:18.645112,324,232
2025-05-19 01:40:18.674780,325,231
2025-05-19 01:40:18.708091,323,232
2025-05-19 01:40:18.744965,327,233
2025-05-19 01:40:18.774811,325,231
2025-05-19 01:40:18.807266,325,230
2025-05-19 01:40:18.840982,323,230
2025-05-19 01:40:18.876788,325,230
2025-05-19 01:40:18.905705,323,231
2025-05-19 01:40:18.939886,326,230
2025-05-19 01:40:18.970994,324,230
2025-05-19 01:40:19.008946,324,232
2025-05-19 01:40:19.037272,326,229
2025-05-19 01:40:19.071658,323,231
2025-05-19 01:40:19.102836,325,230
2025-05-19 01:40:19.140633,324,230
2025-05-19 01:40:19.170226,325,230
2025-05-19 01:40:19.205093,324,230
2025-05-19 01:40:19.235349,326,229
2025-05-19 01:40:19.269762,324,229
2025-05-19 01:40:19.304262,326,228
2025-05-19 01:40:19.333956,326,230
2025-05-19 01:40:19.368883,326,228
2025-05-19 01:40:19.405062,329,229
2025-05-19 01:40:19.434411,332,228
2025-05-19 01:40:19.467890,334,227
2025-05-19 01:40:19.499433,339,229
2025-05-19 01:40:19.536374,342,228
2025-05-19 01:40:19.566320,340,229
2025-05-19 01:40:19.598567,340,229
2025-05-19 01:40:19.629761,342,229
2025-05-19 01:40:19.662615,343,229
2025-05-19 01:40:19.700647,343,228
2025-05-19 01:40:19.730033,343,229
2025-05-19 01:40:19.761947,345,227
2025-05-19 01:40:19.795184,343,228
2025-05-19 01:40:19.832859,343,228
2025-05-19 01:40:19.861673,344,229
2025-05-19 01:40:19.895082,345,230
2025-05-19 01:40:19.928018,344,231
2025-05-19 01:40:19.965036,343,229
2025-05-19 01:40:19.993914,343,229
2025-05-19 01:40:20.026667,345,229
2025-05-19 01:40:20.061624,343,230
2025-05-19 01:40:20.097279,344,230
2025-05-19 01:40:20.127174,343,231
2025-05-19 01:40:20.159436,341,231
2025-05-19 01:40:20.193463,343,231
2025-05-19 01:40:20.228476,341,230
2025-05-19 01:40:20.260994,342,230
2025-05-19 01:40:20.290773,341,231
2025-05-19 01:40:20.323758,343,230
2025-05-19 01:40:20.360603,340,231
2025-05-19 01:40:20.392315,342,232
2025-05-19 01:40:20.422328,342,231
2025-05-19 01:40:20.457118,342,232
2025-05-19 01:40:20.493433,342,230
2025-05-19 01:40:20.521832,342,229
2025-05-19 01:40:20.555969,339,229
2025-05-19 01:40:20.586735,340,232
2025-05-19 01:40:20.625555,341,230
2025-05-19 01:40:20.654321,338,228
2025-05-19 01:40:20.687359,340,230
2025-05-19 01:40:20.718775,340,229
2025-05-19 01:40:20.752303,341,228
2025-05-19 01:40:20.788723,338,230
2025-05-19 01:40:20.818119,339,230
2025-05-19 01:40:20.852142,338,230
2025-05-19 01:40:20.882645,340,229
2025-05-19 01:40:20.920344,341,229
2025-05-19 01:40:20.953596,340,229
2025-05-19 01:40:20.984673,338,230
2025-05-19 01:40:21.015324,341,228
2025-05-19 01:40:21.052757,339,229
2025-05-19 01:40:21.083937,338,228
2025-05-19 01:40:21.115364,334,229
2025-05-19 01:40:21.147677,336,229
2025-05-19 01:40:21.184783,338,227
2025-05-19 01:40:21.215235,338,228
2025-05-19 01:40:21.246730,339,227
2025-05-19 01:40:21.278645,339,227
2025-05-19 01:40:21.316829,338,226
2025-05-19 01:40:21.347084,338,225
2025-05-19 01:40:21.379682,339,225
2025-05-19 01:40:21.413202,339,226
2025-05-19 01:40:21.449646,340,225
2025-05-19 01:40:21.479618,340,225
2025-05-19 01:40:21.512886,340,224
2025-05-19 01:40:21.544073,337,226
2025-05-19 01:40:21.582009,336,225
2025-05-19 01:40:21.611857,334,222
2025-05-19 01:40:21.644353,336,222
2025-05-19 01:40:21.675117,336,217
2025-05-19 01:40:21.713509,336,216
2025-05-19 01:40:21.745088,335,214
2025-05-19 01:40:21.774316,337,212
2025-05-19 01:40:21.809181,336,211
2025-05-19 01:40:21.840457,336,209
2025-05-19 01:40:21.877720,336,209
2025-05-19 01:40:21.906106,335,209
2025-05-19 01:40:21.941435,337,210
2025-05-19 01:40:21.971773,338,211
2025-05-19 01:40:22.009164,339,212
2025-05-19 01:40:22.039974,340,211
2025-05-19 01:40:22.073075,340,213
2025-05-19 01:40:22.104713,340,214
2025-05-19 01:40:22.140988,340,212
2025-05-19 01:40:22.172009,342,212
2025-05-19 01:40:22.205555,340,213
2025-05-19 01:40:22.235639,341,212
2025-05-19 01:40:22.271873,341,213
2025-05-19 01:40:22.305266,339,215
2025-05-19 01:40:22.334747,342,213
2025-05-19 01:40:22.368652,340,212
2025-05-19 01:40:22.405923,340,212
2025-05-19 01:40:22.435704,339,211
2025-05-19 01:40:22.468022,339,210
2025-05-19 01:40:22.499755,340,209
2025-05-19 01:40:22.537299,339,210
2025-05-19 01:40:22.567521,341,207
2025-05-19 01:40:22.599350,339,207
2025-05-19 01:40:22.632916,340,206
2025-05-19 01:40:22.669851,341,205
2025-05-19 01:40:22.699477,341,205
2025-05-19 01:40:22.732668,340,205
2025-05-19 01:40:22.763674,341,205
2025-05-19 01:40:22.796238,340,206
2025-05-19 01:40:22.834178,339,205
2025-05-19 01:40:22.863689,340,205
2025-05-19 01:40:22.895792,341,203
2025-05-19 01:40:22.927609,339,202
2025-05-19 01:40:22.965983,339,201
2025-05-19 01:40:22.994896,340,203
2025-05-19 01:40:23.030135,339,203
2025-05-19 01:40:23.058979,341,203
2025-05-19 01:40:23.097860,341,203
2025-05-19 01:40:23.127494,340,203
2025-05-19 01:40:23.161837,340,201
2025-05-19 01:40:23.192612,340,203
2025-05-19 01:40:23.228833,341,204
2025-05-19 01:40:23.261060,339,205
2025-05-19 01:40:23.291816,337,205
2025-05-19 01:40:23.325868,338,206
2025-05-19 01:40:23.361352,340,205
2025-05-19 01:40:23.391113,339,205
2025-05-19 01:40:23.425524,337,207
2025-05-19 01:40:23.457411,340,207
2025-05-19 01:40:23.494020,337,206
2025-05-19 01:40:23.524185,337,206
2025-05-19 01:40:23.554258,337,207
2025-05-19 01:40:23.589305,338,207
2025-05-19 01:40:23.624679,336,208
2025-05-19 01:40:23.655185,337,208
2025-05-19 01:40:23.688186,338,207
2025-05-19 01:40:23.720009,337,207
2025-05-19 01:40:23.757267,337,206
2025-05-19 01:40:23.787670,338,206
2025-05-19 01:40:23.820488,339,206
2025-05-19 01:40:23.852709,340,205
2025-05-19 01:40:23.883917,339,206
2025-05-19 01:40:23.921784,339,205
2025-05-19 01:40:23.951435,339,207
2025-05-19 01:40:23.984503,339,204
2025-05-19 01:40:24.016289,340,203
2025-05-19 01:40:24.052785,342,200
2025-05-19 01:40:24.084501,340,202
2025-05-19 01:40:24.115851,340,199
2025-05-19 01:40:24.150394,341,198
2025-05-19 01:40:24.186249,341,195
2025-05-19 01:40:24.216951,342,194
2025-05-19 01:40:24.248985,340,193
2025-05-19 01:40:24.279732,340,194
2025-05-19 01:40:24.318557,341,192
2025-05-19 01:40:24.349493,340,194
2025-05-19 01:40:24.381478,341,192
2025-05-19 01:40:24.414173,340,192
2025-05-19 01:40:24.449487,342,193
2025-05-19 01:40:24.481308,342,195
2025-05-19 01:40:24.513582,341,194
2025-05-19 01:40:24.543536,341,197
2025-05-19 01:40:24.582289,341,201
2025-05-19 01:40:24.611793,340,205
2025-05-19 01:40:24.646371,342,214
2025-05-19 01:40:24.675781,345,223
2025-05-19 01:40:24.714310,346,228
2025-05-19 01:40:24.743518,346,236
2025-05-19 01:40:24.776360,345,243
2025-05-19 01:40:24.808818,345,250
2025-05-19 01:40:24.839661,345,256
2025-05-19 01:40:24.877237,345,259
2025-05-19 01:40:24.908103,345,261
2025-05-19 01:40:24.939991,343,262
2025-05-19 01:40:24.973424,342,262
2025-05-19 01:40:25.010089,342,263
2025-05-19 01:40:25.040960,340,263
2025-05-19 01:40:25.072199,342,264
2025-05-19 01:40:25.104256,338,263
2025-05-19 01:40:25.142103,336,264
2025-05-19 01:40:25.171333,334,263
2025-05-19 01:40:25.205531,335,263
2025-05-19 01:40:25.236181,332,263
2025-05-19 01:40:25.269706,334,261
2025-05-19 01:40:25.305975,333,261
2025-05-19 01:40:25.337287,333,260
2025-05-19 01:40:25.367591,332,261
2025-05-19 01:40:25.406822,332,259
2025-05-19 01:40:25.436142,333,258
2025-05-19 01:40:25.469995,330,259
2025-05-19 01:40:25.499116,332,259
2025-05-19 01:40:25.538528,330,257
2025-05-19 01:40:25.569136,330,256
2025-05-19 01:40:25.600895,327,256
2025-05-19 01:40:25.632140,329,255
2025-05-19 01:40:25.670589,327,254
2025-05-19 01:40:25.699756,326,254
2025-05-19 01:40:25.732897,326,254
2025-05-19 01:40:25.764282,324,254
2025-05-19 01:40:25.801632,325,254
2025-05-19 01:40:25.830661,324,254
2025-05-19 01:40:25.865729,323,256
2025-05-19 01:40:25.895327,320,254
2025-05-19 01:40:25.929970,320,256
2025-05-19 01:40:25.966510,320,256
2025-05-19 01:40:25.996051,321,254
2025-05-19 01:40:26.030626,319,255
2025-05-19 01:40:26.061078,322,254
2025-05-19 01:40:26.098452,319,255
2025-05-19 01:40:26.128662,318,256
2025-05-19 01:40:26.162947,318,256
2025-05-19 01:40:26.191401,320,255
2025-05-19 01:40:26.230998,320,255
2025-05-19 01:40:26.259645,317,256
2025-05-19 01:40:26.292875,318,255
2025-05-19 01:40:26.325285,319,255
2025-05-19 01:40:26.363108,319,253
2025-05-19 01:40:26.391643,321,252
2025-05-19 01:40:26.424458,317,254
2025-05-19 01:40:26.458574,321,253
2025-05-19 01:40:26.492574,319,254
2025-05-19 01:40:26.524070,321,252
2025-05-19 01:40:26.556059,320,252
2025-05-19 01:40:26.589369,320,254
2025-05-19 01:40:26.626808,322,253
2025-05-19 01:40:26.655819,323,253
2025-05-19 01:40:26.689271,319,255
2025-05-19 01:40:26.720832,320,253
2025-05-19 01:40:26.758512,321,254
2025-05-19 01:40:26.789111,320,255
2025-05-19 01:40:26.820970,319,257
2025-05-19 01:40:26.851895,319,258
2025-05-19 01:40:26.890468,318,257
2025-05-19 01:40:26.919867,319,257
2025-05-19 01:40:26.951953,319,260
2025-05-19 01:40:26.984652,320,259
2025-05-19 01:40:27.016810,316,258
2025-05-19 01:40:27.053562,321,257
2025-05-19 01:40:27.085732,317,255
2025-05-19 01:40:27.115915,321,255
2025-05-19 01:40:27.149225,320,254
2025-05-19 01:40:27.186365,314,254
2025-05-19 01:40:27.216105,316,254
2025-05-19 01:40:27.249977,317,253
2025-05-19 01:40:27.277632,315,254
2025-05-19 01:40:27.319435,316,254
2025-05-19 01:40:27.346956,316,255
2025-05-19 01:40:27.381012,314,255
2025-05-19 01:40:27.413596,312,256
2025-05-19 01:40:27.449620,311,254
2025-05-19 01:40:27.480800,312,254
2025-05-19 01:40:27.514374,311,253
2025-05-19 01:40:27.543662,311,253
2025-05-19 01:40:27.583315,311,254
2025-05-19 01:40:27.612150,312,256
2025-05-19 01:40:27.645787,314,255
2025-05-19 01:40:27.677585,316,256
2025-05-19 01:40:27.715126,318,255
2025-05-19 01:40:27.742101,319,257
2025-05-19 01:40:27.778227,320,258
2025-05-19 01:40:27.808763,322,259
2025-05-19 01:40:27.845721,320,260
2025-05-19 01:40:27.876803,321,261
2025-05-19 01:40:27.906544,320,262
2025-05-19 01:40:27.942056,322,262
2025-05-19 01:40:27.974312,319,264
2025-05-19 01:40:28.011376,319,263
2025-05-19 01:40:28.039895,319,263
2025-05-19 01:40:28.075328,318,264
2025-05-19 01:40:28.104422,317,265
2025-05-19 01:40:28.143288,316,262
2025-05-19 01:40:28.172465,318,265
2025-05-19 01:40:28.206066,315,265
2025-05-19 01:40:28.236106,317,266
2025-05-19 01:40:28.272083,317,267
2025-05-19 01:40:28.304605,318,268
2025-05-19 01:40:28.337751,317,265
2025-05-19 01:40:28.370412,317,264
2025-05-19 01:40:28.407355,319,264
2025-05-19 01:40:28.437710,317,262
2025-05-19 01:40:28.470615,317,261
2025-05-19 01:40:28.502229,317,260
2025-05-19 01:40:28.539417,318,259
2025-05-19 01:40:28.568440,318,257
2025-05-19 01:40:28.602293,318,257
2025-05-19 01:40:28.633809,317,256
2025-05-19 01:40:28.671682,318,256
2025-05-19 01:40:28.700189,318,254
2025-05-19 01:40:28.735305,319,253
2025-05-19 01:40:28.764266,315,253
2025-05-19 01:40:28.803600,316,252
2025-05-19 01:40:28.831689,316,250
2025-05-19 01:40:28.867258,316,251
2025-05-19 01:40:28.899616,318,251
2025-05-19 01:40:28.934952,321,251
2025-05-19 01:40:28.965418,323,253
2025-05-19 01:40:28.996579,324,251
2025-05-19 01:40:29.029045,325,250
2025-05-19 01:40:29.061548,325,250
2025-05-19 01:40:29.099428,325,249
2025-05-19 01:40:29.128307,325,249
2025-05-19 01:40:29.163063,325,250
2025-05-19 01:40:29.192659,327,251
2025-05-19 01:40:29.231364,327,250
2025-05-19 01:40:29.262474,328,251
2025-05-19 01:40:29.295759,329,250
2025-05-19 01:40:29.323089,328,250
2025-05-19 01:40:29.363475,328,251
2025-05-19 01:40:29.394025,328,248
2025-05-19 01:40:29.427676,326,249
2025-05-19 01:40:29.456797,329,246
2025-05-19 01:40:29.495408,327,245
2025-05-19 01:40:29.524709,330,245
2025-05-19 01:40:29.557894,329,244
2025-05-19 01:40:29.589793,329,247
2025-05-19 01:40:29.627242,331,244
2025-05-19 01:40:29.656799,332,245
2025-05-19 01:40:29.690419,330,244
2025-05-19 01:40:29.722236,334,243
2025-05-19 01:40:29.758999,334,245
2025-05-19 01:40:29.792420,337,245
2025-05-19 01:40:29.819907,336,245
2025-05-19 01:40:29.855617,338,244
2025-05-19 01:40:29.890904,340,245
2025-05-19 01:40:29.921453,340,244
2025-05-19 01:40:29.954384,340,247
2025-05-19 01:40:29.984984,342,246
2025-05-19 01:40:30.019952,347,247
2025-05-19 01:40:30.053827,344,246
2025-05-19 01:40:30.085954,344,247
2025-05-19 01:40:30.119149,347,247
2025-05-19 01:40:30.150330,345,246
2025-05-19 01:40:30.187456,346,246
2025-05-19 01:40:30.218468,347,246
2025-05-19 01:40:30.250753,349,246
2025-05-19 01:40:30.280752,346,246
2025-05-19 01:40:30.319646,347,247
2025-05-19 01:40:30.349800,348,245
2025-05-19 01:40:30.381826,344,245
2025-05-19 01:40:30.415240,345,245
2025-05-19 01:40:30.451647,343,245
2025-05-19 01:40:30.480534,343,246
2025-05-19 01:40:30.516030,342,247
2025-05-19 01:40:30.546034,342,248
2025-05-19 01:40:30.583920,340,250
2025-05-19 01:40:30.612116,340,249
2025-05-19 01:40:30.645545,339,250
2025-05-19 01:40:30.677161,340,246
2025-05-19 01:40:30.715219,339,247
2025-05-19 01:40:30.746864,337,246
2025-05-19 01:40:30.776975,334,249
2025-05-19 01:40:30.811711,332,247
2025-05-19 01:40:30.847161,330,245
2025-05-19 01:40:30.877883,328,245
2025-05-19 01:40:30.908977,328,245
2025-05-19 01:40:30.942922,327,244
2025-05-19 01:40:30.979445,325,244
2025-05-19 01:40:31.009089,323,243
2025-05-19 01:40:31.042532,321,242
2025-05-19 01:40:31.073665,321,243
2025-05-19 01:40:31.107129,320,244
2025-05-19 01:40:31.141986,317,240
2025-05-19 01:40:31.174033,316,242
2025-05-19 01:40:31.206230,316,240
2025-05-19 01:40:31.238543,318,241
2025-05-19 01:40:31.275157,314,242
2025-05-19 01:40:31.305081,314,240
2025-05-19 01:40:31.339467,315,240
2025-05-19 01:40:31.368715,316,241
2025-05-19 01:40:31.408005,313,240
2025-05-19 01:40:31.438183,313,242
2025-05-19 01:40:31.469614,312,243
2025-05-19 01:40:31.503429,312,242
2025-05-19 01:40:31.538738,312,242
2025-05-19 01:40:31.571192,312,242
2025-05-19 01:40:31.601134,312,243
2025-05-19 01:40:31.634929,314,242
2025-05-19 01:40:31.671850,315,245
2025-05-19 01:40:31.701733,316,244
2025-05-19 01:40:31.735368,316,247
2025-05-19 01:40:31.765856,318,246
2025-05-19 01:40:31.804241,319,246
2025-05-19 01:40:31.835874,320,246
2025-05-19 01:40:31.864617,324,248
2025-05-19 01:40:31.899461,321,247
2025-05-19 01:40:31.935915,323,247
2025-05-19 01:40:31.965541,323,247
2025-05-19 01:40:31.998697,323,245
2025-05-19 01:40:32.031468,322,246
2025-05-19 01:40:32.067101,322,246
2025-05-19 01:40:32.098596,321,248
2025-05-19 01:40:32.128441,320,249
2025-05-19 01:40:32.163282,320,248
2025-05-19 01:40:32.192420,319,249
2025-05-19 01:40:32.231932,321,248
2025-05-19 01:40:32.260792,318,248
2025-05-19 01:40:32.295198,319,247
2025-05-19 01:40:32.326995,318,245
2025-05-19 01:40:32.363418,317,245
2025-05-19 01:40:32.394896,315,246
2025-05-19 01:40:32.425209,316,246
2025-05-19 01:40:32.458232,314,245
2025-05-19 01:40:32.494433,311,247
2025-05-19 01:40:32.525864,311,247
2025-05-19 01:40:32.560044,310,246
2025-05-19 01:40:32.589390,308,246
2025-05-19 01:40:32.628338,307,245
2025-05-19 01:40:32.658703,307,245
2025-05-19 01:40:32.691492,305,247
2025-05-19 01:40:32.721633,305,246
2025-05-19 01:40:32.759390,304,245
2025-05-19 01:40:32.792132,304,247
2025-05-19 01:40:32.819992,303,247
2025-05-19 01:40:32.855611,303,247
2025-05-19 01:40:32.891682,299,245
2025-05-19 01:40:32.921628,298,246
2025-05-19 01:40:32.955515,298,245
2025-05-19 01:40:32.986735,296,245
2025-05-19 01:40:33.023159,299,247
2025-05-19 01:40:33.055542,299,247
2025-05-19 01:40:33.087192,297,247
2025-05-19 01:40:33.117168,298,247
2025-05-19 01:40:33.149387,302,248
2025-05-19 01:40:33.187948,302,248
2025-05-19 01:40:33.216883,302,250
2025-05-19 01:40:33.252010,303,247
2025-05-19 01:40:33.279677,306,248
2025-05-19 01:40:33.319683,303,248
2025-05-19 01:40:33.349152,306,248
2025-05-19 01:40:33.383264,306,246
2025-05-19 01:40:33.413265,305,248
2025-05-19 01:40:33.452257,306,246
2025-05-19 01:40:33.480826,306,246
2025-05-19 01:40:33.515943,304,246
2025-05-19 01:40:33.546440,303,246
2025-05-19 01:40:33.583444,303,243
2025-05-19 01:40:33.615207,301,242
2025-05-19 01:40:33.646236,299,243
2025-05-19 01:40:33.680306,296,243
2025-05-19 01:40:33.716348,292,243
2025-05-19 01:40:33.745049,287,243
2025-05-19 01:40:33.777755,286,241
2025-05-19 01:40:33.811440,282,242
2025-05-19 01:40:33.848538,277,242
2025-05-19 01:40:33.877177,276,241
2025-05-19 01:40:33.910508,276,242
2025-05-19 01:40:33.943964,276,242
2025-05-19 01:40:33.980175,277,242
2025-05-19 01:40:34.011668,275,242
2025-05-19 01:40:34.042000,276,241
2025-05-19 01:40:34.073931,280,242
2025-05-19 01:40:34.112468,278,239
2025-05-19 01:40:34.142109,285,237
2025-05-19 01:40:34.175191,287,236
2025-05-19 01:40:34.206707,287,237
2025-05-19 01:40:34.240231,291,235
2025-05-19 01:40:34.274724,292,234
2025-05-19 01:40:34.304940,300,232
2025-05-19 01:40:34.340456,306,232
2025-05-19 01:40:34.370253,309,233
2025-05-19 01:40:34.408625,317,230
2025-05-19 01:40:34.436889,323,231
2025-05-19 01:40:34.471771,328,230
2025-05-19 01:40:34.502375,331,231
2025-05-19 01:40:34.540309,339,229
2025-05-19 01:40:34.570926,346,232
2025-05-19 01:40:34.601962,352,232
2025-05-19 01:40:34.636395,359,231
2025-05-19 01:40:34.671551,370,232
2025-05-19 01:40:34.701624,374,232
2025-05-19 01:40:34.736423,376,233
2025-05-19 01:40:34.765796,383,232
2025-05-19 01:40:34.806196,385,233
2025-05-19 01:40:34.833854,388,234
2025-05-19 01:40:34.867464,389,234
2025-05-19 01:40:34.896933,387,236
2025-05-19 01:40:34.936646,388,234
2025-05-19 01:40:34.965808,391,237
2025-05-19 01:40:34.999752,390,236
2025-05-19 01:40:35.029329,390,234
2025-05-19 01:40:35.066103,391,235
2025-05-19 01:40:35.099592,392,234
2025-05-19 01:40:35.130026,391,234
2025-05-19 01:40:35.163291,390,235
2025-05-19 01:40:35.195529,388,232
2025-05-19 01:40:35.231645,387,232
2025-05-19 01:40:35.263634,386,233
2025-05-19 01:40:35.293677,384,233
2025-05-19 01:40:35.327222,382,232
2025-05-19 01:40:35.363869,382,233
2025-05-19 01:40:35.396558,381,231
2025-05-19 01:40:35.428873,382,233
2025-05-19 01:40:35.459367,381,232
2025-05-19 01:40:35.496945,379,230
2025-05-19 01:40:35.525535,381,229
2025-05-19 01:40:35.560320,374,231
2025-05-19 01:40:35.591615,373,229
2025-05-19 01:40:35.627857,373,230
2025-05-19 01:40:35.659476,372,230
2025-05-19 01:40:35.692025,368,229
2025-05-19 01:40:35.723161,369,229
2025-05-19 01:40:35.760421,367,230
2025-05-19 01:40:35.791689,369,231
2025-05-19 01:40:35.822812,368,231
2025-05-19 01:40:35.857008,370,231
2025-05-19 01:40:35.892691,369,230
2025-05-19 01:40:35.923268,368,233
2025-05-19 01:40:35.957431,370,233
2025-05-19 01:40:35.987728,369,232
2025-05-19 01:40:36.025153,370,231
2025-05-19 01:40:36.056485,373,231
2025-05-19 01:40:36.088052,373,230
2025-05-19 01:40:36.120273,374,231
2025-05-19 01:40:36.156478,372,230
2025-05-19 01:40:36.185990,376,232
2025-05-19 01:40:36.220986,376,233
2025-05-19 01:40:36.250703,376,234
2025-05-19 01:40:36.281427,375,235
2025-05-19 01:40:36.321283,377,236
2025-05-19 01:40:36.350319,376,235
2025-05-19 01:40:36.385115,378,235
2025-05-19 01:40:36.411609,377,234
2025-05-19 01:40:36.447562,377,236
2025-05-19 01:40:36.479593,374,236
2025-05-19 01:40:36.511638,373,234
2025-05-19 01:40:36.545252,373,235
2025-05-19 01:40:36.585450,371,236
2025-05-19 01:40:36.615079,372,236
2025-05-19 01:40:36.647444,370,236
2025-05-19 01:40:36.678991,370,236
2025-05-19 01:40:36.717186,367,236
2025-05-19 01:40:36.748617,364,236
2025-05-19 01:40:36.779170,361,234
2025-05-19 01:40:36.809335,358,232
2025-05-19 01:40:36.848964,355,233
2025-05-19 01:40:36.879385,353,230
2025-05-19 01:40:36.912963,352,232
2025-05-19 01:40:36.944070,351,233
2025-05-19 01:40:36.980174,348,231
2025-05-19 01:40:37.011643,349,231
2025-05-19 01:40:37.042791,347,231
2025-05-19 01:40:37.075541,347,231
2025-05-19 01:40:37.113371,346,232
2025-05-19 01:40:37.141785,345,232
2025-05-19 01:40:37.177482,347,233
2025-05-19 01:40:37.206258,346,233
2025-05-19 01:40:37.245479,351,232
2025-05-19 01:40:37.274630,352,232
2025-05-19 01:40:37.308884,357,233
2025-05-19 01:40:37.340837,362,236
2025-05-19 01:40:37.372215,363,237
2025-05-19 01:40:37.409879,366,237
2025-05-19 01:40:37.438586,370,237
2025-05-19 01:40:37.473312,372,238
2025-05-19 01:40:37.502605,376,237
2025-05-19 01:40:37.541578,376,238
2025-05-19 01:40:37.570620,381,238
2025-05-19 01:40:37.604478,385,241
2025-05-19 01:40:37.634359,387,240
2025-05-19 01:40:37.673715,393,241
2025-05-19 01:40:37.703115,395,240
2025-05-19 01:40:37.736108,395,240
2025-05-19 01:40:37.767898,391,240
2025-05-19 01:40:37.805799,389,239
2025-05-19 01:40:37.833739,383,239
2025-05-19 01:40:37.869702,378,239
2025-05-19 01:40:37.899506,369,240
2025-05-19 01:40:37.936820,366,239
2025-05-19 01:40:37.967752,360,236
2025-05-19 01:40:37.999715,363,239
2025-05-19 01:40:38.032941,366,239
2025-05-19 01:40:38.069573,369,240
2025-05-19 01:40:38.098902,372,240
2025-05-19 01:40:38.131277,373,240
2025-05-19 01:40:38.163088,369,240
2025-05-19 01:40:38.201409,368,241
2025-05-19 01:40:38.231121,366,241
2025-05-19 01:40:38.264555,362,241
2025-05-19 01:40:38.294571,360,240
2025-05-19 01:40:38.328813,355,240
2025-05-19 01:40:38.365382,355,242
2025-05-19 01:40:38.395306,356,241
2025-05-19 01:40:38.428803,354,241
2025-05-19 01:40:38.458893,354,240
2025-05-19 01:40:38.497584,351,241
2025-05-19 01:40:38.527984,349,239
2025-05-19 01:40:38.560772,347,238
2025-05-19 01:40:38.591025,346,239
2025-05-19 01:40:38.629702,344,242
2025-05-19 01:40:38.659537,347,242
2025-05-19 01:40:38.691467,346,243
2025-05-19 01:40:38.723489,344,243
2025-05-19 01:40:38.761563,344,244
2025-05-19 01:40:38.790098,342,244
2025-05-19 01:40:38.823439,342,244
2025-05-19 01:40:38.855994,343,244
2025-05-19 01:40:38.892934,341,243
2025-05-19 01:40:38.922791,343,246
2025-05-19 01:40:38.956709,343,244
2025-05-19 01:40:38.988922,345,246
2025-05-19 01:40:39.025924,347,247
2025-05-19 01:40:39.054947,347,249
2025-05-19 01:40:39.088218,350,249
2025-05-19 01:40:39.119749,350,252
2025-05-19 01:40:39.158258,351,254
2025-05-19 01:40:39.187421,353,255
2025-05-19 01:40:39.220153,355,256
2025-05-19 01:40:39.253501,353,256
2025-05-19 01:40:39.287143,355,258
2025-05-19 01:40:39.320349,356,259
2025-05-19 01:40:39.351894,355,261
2025-05-19 01:40:39.384440,355,261
2025-05-19 01:40:39.415233,356,266
2025-05-19 01:40:39.452168,355,267
2025-05-19 01:40:39.483339,356,269
2025-05-19 01:40:39.517759,355,271
2025-05-19 01:40:39.546388,356,274
2025-05-19 01:40:39.585743,359,275
2025-05-19 01:40:39.615063,359,274
2025-05-19 01:40:39.648481,361,276
2025-05-19 01:40:39.679267,362,274
2025-05-19 01:40:39.717300,360,277
2025-05-19 01:40:39.747699,362,280
2025-05-19 01:40:39.781179,362,277
2025-05-19 01:40:39.809903,362,279
2025-05-19 01:40:39.849932,365,279
2025-05-19 01:40:39.878563,364,279
2025-05-19 01:40:39.912593,364,279
2025-05-19 01:40:39.944560,369,278
2025-05-19 01:40:39.981718,369,277
2025-05-19 01:40:40.011891,365,275
