timestamp,left_x,left_y,right_x,right_y,blink
2025-05-19 01:40:05.623470,0.47904,0.51253,0.52937,0.51521,False
2025-05-19 01:40:05.674131,0.47355,0.51071,0.53416,0.52914,False
2025-05-19 01:40:05.690385,0.46161,0.50421,0.53115,0.5201,False
2025-05-19 01:40:05.712208,0.4682,0.51455,0.53207,0.52667,False
2025-05-19 01:40:05.749317,0.46794,0.50528,0.53217,0.52116,False
2025-05-19 01:40:05.786219,0.46151,0.4858,0.53177,0.5216,False
2025-05-19 01:40:05.816888,0.45731,0.48915,0.53154,0.52498,False
2025-05-19 01:40:05.848744,0.46506,0.49757,0.53274,0.52017,False
2025-05-19 01:40:05.881052,0.45662,0.48882,0.52961,0.51489,False
2025-05-19 01:40:05.917771,0.45755,0.48593,0.5291,0.52514,False
2025-05-19 01:40:05.949734,0.46164,0.50904,0.53172,0.52387,False
2025-05-19 01:40:05.979856,0.46716,0.50062,0.5367,0.52517,False
2025-05-19 01:40:06.013024,0.46884,0.49485,0.52821,0.51578,False
2025-05-19 01:40:06.050080,0.47046,0.50249,0.52618,0.50488,False
2025-05-19 01:40:06.082202,0.46387,0.47327,0.52643,0.51138,False
2025-05-19 01:40:06.112904,0.46722,0.49422,0.52529,0.51858,False
2025-05-19 01:40:06.146061,0.46553,0.49383,0.52641,0.51598,False
2025-05-19 01:40:06.179670,0.46832,0.50284,0.52405,0.52651,False
2025-05-19 01:40:06.211143,0.46824,0.50547,0.52539,0.53132,False
2025-05-19 01:40:06.243127,0.46463,0.49345,0.5267,0.51803,False
2025-05-19 01:40:06.274431,0.47215,0.50025,0.52964,0.52251,False
2025-05-19 01:40:06.307356,0.46235,0.48652,0.52971,0.51183,False
2025-05-19 01:40:06.343515,0.46156,0.48724,0.52593,0.5197,False
2025-05-19 01:40:06.374380,0.46684,0.48769,0.52784,0.52117,False
2025-05-19 01:40:06.408339,0.47434,0.50116,0.52808,0.52642,False
2025-05-19 01:40:06.443106,0.46732,0.49671,0.52795,0.5308,False
2025-05-19 01:40:06.478992,0.47238,0.49644,0.52168,0.5255,False
2025-05-19 01:40:06.506734,0.47098,0.50012,0.53129,0.51614,False
2025-05-19 01:40:06.540413,0.4682,0.48498,0.52952,0.52573,False
2025-05-19 01:40:06.574510,0.47539,0.4952,0.5275,0.52014,False
2025-05-19 01:40:06.608575,0.47219,0.51385,0.52096,0.51178,False
2025-05-19 01:40:06.640683,0.47059,0.51819,0.51784,0.50726,False
2025-05-19 01:40:06.671187,0.46878,0.51819,0.52266,0.51434,False
2025-05-19 01:40:06.705872,0.46807,0.5172,0.52461,0.50579,False
2025-05-19 01:40:06.740956,0.46646,0.51051,0.51782,0.5116,False
2025-05-19 01:40:06.772390,0.47517,0.50724,0.52129,0.51076,False
2025-05-19 01:40:06.804598,0.47349,0.50976,0.52561,0.51071,False
2025-05-19 01:40:06.836357,0.46654,0.51659,0.52237,0.50523,False
2025-05-19 01:40:06.874012,0.47543,0.52213,0.5211,0.50817,False
2025-05-19 01:40:06.904792,0.46674,0.52993,0.52344,0.51413,False
2025-05-19 01:40:06.936204,0.46821,0.5223,0.52382,0.51706,False
2025-05-19 01:40:06.969978,0.46978,0.51749,0.52105,0.51231,False
2025-05-19 01:40:07.004972,0.46857,0.5207,0.52202,0.50525,False
2025-05-19 01:40:07.036763,0.46857,0.50466,0.52125,0.5133,False
2025-05-19 01:40:07.069252,0.46847,0.51187,0.52262,0.51667,False
2025-05-19 01:40:07.100128,0.46427,0.51146,0.52063,0.51176,False
2025-05-19 01:40:07.138284,0.4655,0.5072,0.519,0.51388,False
2025-05-19 01:40:07.168140,0.46436,0.50959,0.52433,0.51903,False
2025-05-19 01:40:07.202488,0.46299,0.51526,0.52905,0.52419,False
2025-05-19 01:40:07.232680,0.46394,0.51715,0.52181,0.51198,False
2025-05-19 01:40:07.263829,0.46453,0.51988,0.51933,0.50154,False
2025-05-19 01:40:07.302483,0.45926,0.5151,0.51998,0.5038,False
2025-05-19 01:40:07.333841,0.45895,0.5138,0.52577,0.5243,False
2025-05-19 01:40:07.364855,0.46133,0.51019,0.52524,0.51372,False
2025-05-19 01:40:07.396998,0.46164,0.52002,0.52282,0.51378,False
2025-05-19 01:40:07.433460,0.46651,0.52128,0.52417,0.52188,False
2025-05-19 01:40:07.467036,0.45721,0.51283,0.52819,0.5142,False
2025-05-19 01:40:07.497042,0.45765,0.51498,0.52687,0.51521,False
2025-05-19 01:40:07.529064,0.46046,0.5045,0.52361,0.5132,False
2025-05-19 01:40:07.566121,0.46532,0.5101,0.51983,0.51138,False
2025-05-19 01:40:07.597966,0.45819,0.49825,0.52385,0.50946,False
2025-05-19 01:40:07.628891,0.45922,0.5153,0.52296,0.51388,False
2025-05-19 01:40:07.660893,0.46486,0.51202,0.52165,0.50931,False
2025-05-19 01:40:07.698660,0.46107,0.51283,0.52233,0.51061,False
2025-05-19 01:40:07.728942,0.46644,0.51184,0.52072,0.50749,False
2025-05-19 01:40:07.757993,0.46047,0.51191,0.52109,0.51548,False
2025-05-19 01:40:07.792248,0.45957,0.51191,0.526,0.52102,False
2025-05-19 01:40:07.828664,0.4641,0.50726,0.52671,0.51356,False
2025-05-19 01:40:07.862577,0.4705,0.50574,0.52593,0.51192,False
2025-05-19 01:40:07.889056,0.46562,0.50254,0.52759,0.51813,False
2025-05-19 01:40:07.925848,0.47,0.52255,0.52839,0.52252,False
2025-05-19 01:40:07.960251,0.46715,0.51462,0.52474,0.51618,False
2025-05-19 01:40:07.988985,0.46411,0.50221,0.52519,0.51129,False
2025-05-19 01:40:08.025228,0.46076,0.51291,0.52604,0.52253,False
2025-05-19 01:40:08.057498,0.45637,0.49332,0.52897,0.5238,False
2025-05-19 01:40:08.093684,0.45915,0.50864,0.53075,0.51844,False
2025-05-19 01:40:08.124212,0.47027,0.50983,0.52916,0.52375,False
2025-05-19 01:40:08.156034,0.47047,0.50851,0.52885,0.51648,False
2025-05-19 01:40:08.189910,0.47675,0.51923,0.52568,0.51679,False
2025-05-19 01:40:08.224648,0.47019,0.52335,0.52956,0.51704,False
2025-05-19 01:40:08.258136,0.46561,0.50873,0.53377,0.52491,False
2025-05-19 01:40:08.289854,0.46464,0.51413,0.52925,0.51951,False
2025-05-19 01:40:08.320331,0.46762,0.51635,0.53844,0.53427,False
2025-05-19 01:40:08.354061,0.46914,0.51247,0.53218,0.52523,False
2025-05-19 01:40:08.390215,0.46986,0.51317,0.53117,0.52919,False
2025-05-19 01:40:08.420190,0.46926,0.5163,0.53978,0.5259,False
2025-05-19 01:40:08.453926,0.47477,0.50813,0.53871,0.52608,False
2025-05-19 01:40:08.485947,0.47033,0.52435,0.53579,0.51811,False
2025-05-19 01:40:08.522941,0.47254,0.52495,0.53142,0.52611,False
2025-05-19 01:40:08.552976,0.47372,0.51268,0.53603,0.53816,False
2025-05-19 01:40:08.586273,0.47386,0.5145,0.5348,0.53197,False
2025-05-19 01:40:08.617840,0.48103,0.51811,0.53456,0.51719,False
2025-05-19 01:40:08.653262,0.46804,0.51234,0.53565,0.51746,False
2025-05-19 01:40:08.684109,0.47868,0.50968,0.54207,0.52788,False
2025-05-19 01:40:08.717609,0.47585,0.51882,0.53818,0.52474,False
2025-05-19 01:40:08.748121,0.47996,0.51572,0.54026,0.52739,False
2025-05-19 01:40:08.785283,0.47284,0.51572,0.53341,0.52904,False
2025-05-19 01:40:08.818826,0.47374,0.51911,0.54087,0.52859,False
2025-05-19 01:40:08.850040,0.47576,0.52238,0.53494,0.52943,False
2025-05-19 01:40:08.880753,0.47194,0.51583,0.54255,0.52947,False
2025-05-19 01:40:08.918695,0.46799,0.50097,0.53259,0.53375,False
2025-05-19 01:40:08.957391,0.47171,0.5203,0.53858,0.52752,False
2025-05-19 01:40:08.977724,0.47401,0.50969,0.53996,0.53431,False
2025-05-19 01:40:09.014507,0.47102,0.5117,0.5337,0.525,False
2025-05-19 01:40:09.049212,0.47672,0.50858,0.53984,0.53084,False
2025-05-19 01:40:09.079950,0.46925,0.50876,0.5431,0.52996,False
2025-05-19 01:40:09.112503,0.4726,0.50019,0.53594,0.52801,False
2025-05-19 01:40:09.147941,0.47279,0.51482,0.54405,0.52479,False
2025-05-19 01:40:09.181740,0.47086,0.51226,0.53716,0.51955,False
2025-05-19 01:40:09.211982,0.47211,0.51601,0.54198,0.52966,False
2025-05-19 01:40:09.244372,0.47486,0.50788,0.54602,0.52838,False
2025-05-19 01:40:09.276711,0.47794,0.50159,0.54271,0.52532,False
2025-05-19 01:40:09.309403,0.475,0.5174,0.54158,0.52087,False
2025-05-19 01:40:09.346213,0.47233,0.51671,0.5474,0.52836,False
2025-05-19 01:40:09.376188,0.47655,0.51365,0.53613,0.51617,False
2025-05-19 01:40:09.409360,0.47025,0.51117,0.53409,0.51493,False
2025-05-19 01:40:09.439534,0.47398,0.51284,0.53953,0.52399,False
2025-05-19 01:40:09.477634,0.47624,0.5059,0.535,0.52012,False
2025-05-19 01:40:09.507391,0.47124,0.50318,0.54306,0.52666,False
2025-05-19 01:40:09.542911,0.48329,0.51229,0.53907,0.52162,False
2025-05-19 01:40:09.571437,0.47604,0.50376,0.53405,0.5111,False
2025-05-19 01:40:09.611002,0.4749,0.51061,0.5425,0.52193,False
2025-05-19 01:40:09.642986,0.47299,0.50835,0.54409,0.52508,False
2025-05-19 01:40:09.672185,0.47276,0.51663,0.53776,0.51377,False
2025-05-19 01:40:09.704517,0.47097,0.5053,0.53959,0.52616,False
2025-05-19 01:40:09.742917,0.46887,0.51089,0.53609,0.51763,False
2025-05-19 01:40:09.774241,0.47574,0.52042,0.54067,0.51057,False
2025-05-19 01:40:09.806053,0.46673,0.48962,0.53794,0.52263,False
2025-05-19 01:40:09.836591,0.47568,0.51507,0.54474,0.52808,False
2025-05-19 01:40:09.873975,0.46651,0.51161,0.53849,0.52104,False
2025-05-19 01:40:09.903450,0.47732,0.49733,0.53533,0.51623,False
2025-05-19 01:40:09.935881,0.47078,0.50551,0.53831,0.52058,False
2025-05-19 01:40:09.968994,0.46874,0.51184,0.54075,0.53093,False
2025-05-19 01:40:10.005865,0.47245,0.50698,0.53285,0.51733,False
2025-05-19 01:40:10.035626,0.47108,0.50926,0.53539,0.51001,False
2025-05-19 01:40:10.069375,0.47419,0.5114,0.54549,0.51723,False
2025-05-19 01:40:10.101577,0.47181,0.50991,0.53792,0.52027,False
2025-05-19 01:40:10.138970,0.47749,0.5208,0.538,0.5203,False
2025-05-19 01:40:10.167420,0.47038,0.5133,0.54184,0.52593,False
2025-05-19 01:40:10.201510,0.47287,0.50879,0.53736,0.52004,False
2025-05-19 01:40:10.233487,0.47333,0.51562,0.53644,0.51989,False
2025-05-19 01:40:10.271076,0.48417,0.49737,0.53772,0.52959,False
2025-05-19 01:40:10.299362,0.4761,0.51046,0.53844,0.51512,False
2025-05-19 01:40:10.333195,0.47404,0.5088,0.5377,0.51817,False
2025-05-19 01:40:10.363604,0.4787,0.50772,0.53517,0.52782,False
2025-05-19 01:40:10.398502,0.48004,0.51565,0.54253,0.52457,False
2025-05-19 01:40:10.435101,0.47911,0.50747,0.54124,0.52914,False
2025-05-19 01:40:10.464633,0.47154,0.50694,0.53386,0.51716,False
2025-05-19 01:40:10.498668,0.46408,0.50421,0.53981,0.5314,False
2025-05-19 01:40:10.530269,0.47624,0.51111,0.53472,0.52518,False
2025-05-19 01:40:10.566311,0.4704,0.50641,0.53605,0.52296,False
2025-05-19 01:40:10.597231,0.47363,0.51416,0.53909,0.51982,False
2025-05-19 01:40:10.629833,0.47163,0.5096,0.53782,0.51933,False
2025-05-19 01:40:10.662093,0.47576,0.51179,0.53345,0.52474,False
2025-05-19 01:40:10.699361,0.47539,0.50625,0.53822,0.53201,False
2025-05-19 01:40:10.728549,0.47817,0.5107,0.54179,0.5199,False
2025-05-19 01:40:10.762220,0.46852,0.50897,0.54312,0.51267,False
2025-05-19 01:40:10.793376,0.46339,0.50637,0.54419,0.52971,False
2025-05-19 01:40:10.831702,0.47257,0.49772,0.53882,0.52709,False
2025-05-19 01:40:10.860158,0.47365,0.50541,0.54099,0.53432,False
2025-05-19 01:40:10.894080,0.47082,0.50705,0.54108,0.52193,False
2025-05-19 01:40:10.925976,0.47121,0.50225,0.53799,0.52747,False
2025-05-19 01:40:10.962234,0.47431,0.5119,0.53805,0.52629,False
2025-05-19 01:40:10.992185,0.46889,0.50032,0.53641,0.52549,False
2025-05-19 01:40:11.026073,0.46737,0.51641,0.53859,0.51977,False
2025-05-19 01:40:11.056151,0.47283,0.50744,0.53787,0.52565,False
2025-05-19 01:40:11.094490,0.47091,0.50971,0.53413,0.53383,False
2025-05-19 01:40:11.126930,0.46444,0.50107,0.54025,0.52545,False
2025-05-19 01:40:11.156238,0.46433,0.5176,0.53738,0.52761,False
2025-05-19 01:40:11.190541,0.4718,0.49431,0.5333,0.53108,False
2025-05-19 01:40:11.227097,0.47134,0.5001,0.53419,0.52145,False
2025-05-19 01:40:11.253767,0.47497,0.50936,0.53584,0.52575,False
2025-05-19 01:40:11.288086,0.47528,0.50697,0.53456,0.52638,False
2025-05-19 01:40:11.321802,0.46918,0.50407,0.53678,0.52638,False
2025-05-19 01:40:11.358713,0.47543,0.50366,0.54055,0.52347,False
2025-05-19 01:40:11.388659,0.47359,0.50298,0.53332,0.53155,False
2025-05-19 01:40:11.421681,0.47407,0.51032,0.53352,0.52354,False
2025-05-19 01:40:11.453148,0.47063,0.51292,0.54018,0.52709,False
2025-05-19 01:40:11.484880,0.46543,0.49978,0.53682,0.53154,False
2025-05-19 01:40:11.522771,0.46863,0.50369,0.54086,0.52398,False
2025-05-19 01:40:11.553015,0.47721,0.50611,0.5415,0.5234,False
2025-05-19 01:40:11.584234,0.46903,0.50275,0.53795,0.52375,False
2025-05-19 01:40:11.618692,0.47878,0.50668,0.54107,0.52305,False
2025-05-19 01:40:11.653739,0.47819,0.51477,0.53252,0.52903,False
2025-05-19 01:40:11.685296,0.475,0.49754,0.54249,0.51812,False
2025-05-19 01:40:11.717055,0.46742,0.49925,0.53718,0.52608,False
2025-05-19 01:40:11.748735,0.46883,0.50869,0.53585,0.5188,False
2025-05-19 01:40:11.786212,0.47135,0.50756,0.53562,0.51892,False
2025-05-19 01:40:11.819376,0.47678,0.50431,0.53162,0.51959,False
2025-05-19 01:40:11.849082,0.47502,0.49832,0.53448,0.52083,False
2025-05-19 01:40:11.881727,0.47109,0.50241,0.53434,0.51622,False
2025-05-19 01:40:11.918303,0.47495,0.49769,0.5364,0.53552,False
2025-05-19 01:40:11.951152,0.46874,0.50321,0.543,0.52955,False
2025-05-19 01:40:11.980641,0.47709,0.51276,0.53588,0.52101,False
2025-05-19 01:40:12.014970,0.4708,0.51194,0.53674,0.53158,False
2025-05-19 01:40:12.049161,0.47123,0.5071,0.53785,0.53723,False
2025-05-19 01:40:12.083029,0.47233,0.50701,0.53985,0.52601,False
2025-05-19 01:40:12.113807,0.47263,0.50543,0.53862,0.51761,False
2025-05-19 01:40:12.145104,0.46959,0.50731,0.53342,0.52237,False
2025-05-19 01:40:12.183406,0.47507,0.50878,0.5372,0.5326,False
2025-05-19 01:40:12.213126,0.47282,0.50118,0.52922,0.53476,False
2025-05-19 01:40:12.246354,0.47429,0.50944,0.54349,0.51913,False
2025-05-19 01:40:12.276920,0.47099,0.50985,0.5366,0.52749,False
2025-05-19 01:40:12.315181,0.46851,0.50385,0.53511,0.5244,False
2025-05-19 01:40:12.344173,0.47251,0.50576,0.54313,0.52293,False
2025-05-19 01:40:12.379220,0.46972,0.50429,0.53289,0.52757,False
2025-05-19 01:40:12.408071,0.47742,0.50473,0.53176,0.52702,False
2025-05-19 01:40:12.441334,0.46762,0.51192,0.53532,0.52308,False
2025-05-19 01:40:12.479574,0.46772,0.51336,0.5427,0.53033,False
2025-05-19 01:40:12.508383,0.46683,0.50226,0.53618,0.53019,False
2025-05-19 01:40:12.542383,0.46864,0.50406,0.53257,0.53591,False
2025-05-19 01:40:12.572412,0.46823,0.5022,0.54152,0.53139,False
2025-05-19 01:40:12.611196,0.46666,0.51343,0.54112,0.52722,False
2025-05-19 01:40:12.639910,0.47175,0.49322,0.53423,0.5262,False
2025-05-19 01:40:12.675574,0.47084,0.50477,0.53756,0.53404,False
2025-05-19 01:40:12.704422,0.46841,0.50026,0.54277,0.54173,False
2025-05-19 01:40:12.742594,0.4704,0.5076,0.53944,0.51962,False
2025-05-19 01:40:12.772963,0.46646,0.51018,0.53738,0.51525,False
2025-05-19 01:40:12.807871,0.47501,0.51348,0.54365,0.52063,False
2025-05-19 01:40:12.838381,0.47279,0.51798,0.53458,0.52601,False
2025-05-19 01:40:12.875622,0.47411,0.51042,0.53465,0.53179,False
2025-05-19 01:40:12.906169,0.47244,0.50869,0.5354,0.53203,False
2025-05-19 01:40:12.938375,0.47195,0.50172,0.53959,0.52187,False
2025-05-19 01:40:12.970048,0.4678,0.51061,0.53585,0.52664,False
2025-05-19 01:40:13.007396,0.46733,0.50953,0.54132,0.53096,False
2025-05-19 01:40:13.035814,0.46958,0.4999,0.53359,0.52369,False
2025-05-19 01:40:13.070495,0.47865,0.51562,0.52901,0.51753,False
2025-05-19 01:40:13.100714,0.47136,0.50114,0.54485,0.53127,False
2025-05-19 01:40:13.139725,0.46745,0.50421,0.54237,0.53479,False
2025-05-19 01:40:13.169293,0.47053,0.50656,0.53841,0.53674,False
2025-05-19 01:40:13.201399,0.47175,0.50421,0.53732,0.53052,False
2025-05-19 01:40:13.233194,0.46694,0.49657,0.54495,0.53709,False
2025-05-19 01:40:13.268039,0.46813,0.50141,0.53525,0.52955,False
2025-05-19 01:40:13.301131,0.47465,0.51123,0.54364,0.52438,False
2025-05-19 01:40:13.333177,0.47909,0.50775,0.53868,0.52571,False
2025-05-19 01:40:13.365160,0.46578,0.49793,0.54526,0.53296,False
2025-05-19 01:40:13.402668,0.47462,0.51528,0.5337,0.52251,False
2025-05-19 01:40:13.433970,0.47161,0.50558,0.53529,0.52367,False
2025-05-19 01:40:13.464499,0.47303,0.50019,0.54039,0.52103,False
2025-05-19 01:40:13.499218,0.47552,0.49557,0.53808,0.53771,False
2025-05-19 01:40:13.526953,0.47016,0.5081,0.53168,0.52249,False
2025-05-19 01:40:13.567733,0.47104,0.50926,0.53836,0.52175,False
2025-05-19 01:40:13.597033,0.46958,0.50154,0.54131,0.52148,False
2025-05-19 01:40:13.631769,0.47036,0.50904,0.53873,0.5269,False
2025-05-19 01:40:13.660851,0.47965,0.51027,0.5337,0.53048,False
2025-05-19 01:40:13.699745,0.47049,0.49887,0.5351,0.52205,False
2025-05-19 01:40:13.729119,0.47459,0.50909,0.54185,0.53669,False
2025-05-19 01:40:13.762007,0.47265,0.49287,0.534,0.52533,False
2025-05-19 01:40:13.793038,0.47165,0.50349,0.53113,0.52233,False
2025-05-19 01:40:13.831654,0.47176,0.50369,0.54659,0.52954,False
2025-05-19 01:40:13.862252,0.47466,0.51116,0.53693,0.52358,False
2025-05-19 01:40:13.894489,0.47058,0.5002,0.53358,0.51993,False
2025-05-19 01:40:13.925296,0.48156,0.51275,0.53926,0.518,False
2025-05-19 01:40:13.963374,0.46896,0.50879,0.53295,0.51436,False
2025-05-19 01:40:13.992191,0.48021,0.50513,0.53546,0.53492,False
2025-05-19 01:40:14.027310,0.47637,0.52178,0.54508,0.52676,False
2025-05-19 01:40:14.057680,0.47357,0.51268,0.55291,0.53848,False
2025-05-19 01:40:14.095263,0.47736,0.51221,0.54515,0.53988,False
2025-05-19 01:40:14.125330,0.47789,0.50632,0.54359,0.52603,False
2025-05-19 01:40:14.159522,0.48663,0.52388,0.55136,0.53072,False
2025-05-19 01:40:14.188794,0.47835,0.52945,0.54451,0.52318,False
2025-05-19 01:40:14.226935,0.47455,0.5226,0.5494,0.53019,False
2025-05-19 01:40:14.257319,0.47274,0.51346,0.54464,0.54078,False
2025-05-19 01:40:14.290318,0.47733,0.51607,0.55284,0.5351,False
2025-05-19 01:40:14.322825,0.48002,0.50699,0.54235,0.52965,False
2025-05-19 01:40:14.360041,0.4719,0.51214,0.55137,0.52719,False
2025-05-19 01:40:14.390937,0.47811,0.51754,0.55064,0.53316,False
2025-05-19 01:40:14.421829,0.48214,0.5296,0.54792,0.53892,False
2025-05-19 01:40:14.453457,0.47421,0.52355,0.54408,0.53389,False
2025-05-19 01:40:14.485680,0.47982,0.51501,0.54229,0.53589,False
2025-05-19 01:40:14.523856,0.47243,0.51636,0.54211,0.53533,False
2025-05-19 01:40:14.552814,0.47761,0.52234,0.53911,0.52687,False
2025-05-19 01:40:14.587287,0.47486,0.52085,0.5428,0.52445,False
2025-05-19 01:40:14.618585,0.47307,0.50454,0.54056,0.53016,False
2025-05-19 01:40:14.655799,0.4728,0.51211,0.542,0.52825,False
2025-05-19 01:40:14.684847,0.47595,0.52356,0.53403,0.51584,False
2025-05-19 01:40:14.717819,0.48183,0.52425,0.53399,0.51462,False
2025-05-19 01:40:14.749806,0.47469,0.52477,0.52699,0.51133,False
2025-05-19 01:40:14.787400,0.46965,0.52917,0.53352,0.51399,False
2025-05-19 01:40:14.817592,0.47029,0.52207,0.53399,0.52488,False
2025-05-19 01:40:14.849927,0.46964,0.5271,0.52609,0.51384,False
2025-05-19 01:40:14.882668,0.46457,0.51742,0.52549,0.50268,False
2025-05-19 01:40:14.919773,0.4671,0.52117,0.52492,0.51016,False
2025-05-19 01:40:14.948998,0.45762,0.4977,0.51963,0.51531,False
2025-05-19 01:40:14.981647,0.4589,0.51155,0.51855,0.51402,False
2025-05-19 01:40:15.013664,0.46475,0.51008,0.51298,0.50914,False
2025-05-19 01:40:15.051812,0.46268,0.51285,0.51897,0.52082,False
2025-05-19 01:40:15.082789,0.46177,0.5087,0.51913,0.52072,False
2025-05-19 01:40:15.114594,0.46121,0.50246,0.51453,0.51199,False
2025-05-19 01:40:15.146604,0.46505,0.50564,0.5177,0.51051,False
2025-05-19 01:40:15.183774,0.46995,0.51094,0.52261,0.51752,False
2025-05-19 01:40:15.214341,0.46325,0.51373,0.51521,0.51892,False
2025-05-19 01:40:15.248331,0.46614,0.5175,0.5226,0.52022,False
2025-05-19 01:40:15.278177,0.46568,0.51291,0.51751,0.51818,False
2025-05-19 01:40:15.316265,0.45808,0.51086,0.51695,0.52201,False
2025-05-19 01:40:15.344855,0.45634,0.51818,0.51773,0.50351,False
2025-05-19 01:40:15.379545,0.46428,0.50729,0.52225,0.52459,False
2025-05-19 01:40:15.410155,0.46203,0.50907,0.5215,0.50848,False
2025-05-19 01:40:15.448021,0.46337,0.50232,0.51996,0.50835,False
2025-05-19 01:40:15.478449,0.46467,0.50899,0.52395,0.50127,False
2025-05-19 01:40:15.511323,0.46419,0.51149,0.52487,0.50886,False
2025-05-19 01:40:15.542178,0.45989,0.50065,0.52726,0.50639,False
2025-05-19 01:40:15.575492,0.4631,0.50968,0.52201,0.51027,False
2025-05-19 01:40:15.610716,0.46122,0.50229,0.52852,0.50704,False
2025-05-19 01:40:15.641662,0.46855,0.51637,0.52231,0.50601,False
2025-05-19 01:40:15.676293,0.4679,0.52357,0.53144,0.50915,False
2025-05-19 01:40:15.706273,0.47029,0.51644,0.53011,0.51132,False
2025-05-19 01:40:15.743701,0.46807,0.5292,0.52785,0.52203,False
2025-05-19 01:40:15.776468,0.46828,0.50537,0.52835,0.51336,False
2025-05-19 01:40:15.806380,0.47219,0.51191,0.52847,0.51606,False
2025-05-19 01:40:15.839610,0.46634,0.52258,0.53004,0.51952,False
2025-05-19 01:40:15.876299,0.46434,0.51244,0.53024,0.50962,False
2025-05-19 01:40:15.906201,0.46314,0.51579,0.53314,0.51474,False
2025-05-19 01:40:15.938436,0.4682,0.51658,0.53111,0.51483,False
2025-05-19 01:40:15.971777,0.46715,0.51888,0.52836,0.5208,False
2025-05-19 01:40:16.008703,0.46777,0.51838,0.5287,0.50559,False
2025-05-19 01:40:16.036031,0.46365,0.5173,0.53285,0.51412,False
2025-05-19 01:40:16.071954,0.46253,0.50958,0.5267,0.50579,False
2025-05-19 01:40:16.098461,0.46679,0.52573,0.52437,0.51186,False
2025-05-19 01:40:16.140136,0.46369,0.50836,0.52906,0.51071,False
2025-05-19 01:40:16.170384,0.46134,0.50439,0.52643,0.49513,False
2025-05-19 01:40:16.203744,0.46559,0.48533,0.51051,0.44572,False
2025-05-19 01:40:16.234807,0.47506,0.46173,0.51067,0.47271,False
2025-05-19 01:40:16.269724,0.47755,0.47303,0.51543,0.49014,False
2025-05-19 01:40:16.303824,0.46243,0.50028,0.52465,0.49884,False
2025-05-19 01:40:16.335387,0.4688,0.49615,0.5297,0.51595,False
2025-05-19 01:40:16.366569,0.4621,0.51094,0.52693,0.50938,False
2025-05-19 01:40:16.404096,0.47047,0.50775,0.52366,0.5074,False
2025-05-19 01:40:16.433966,0.46859,0.51134,0.52335,0.50979,False
2025-05-19 01:40:16.467138,0.46737,0.50267,0.52566,0.50352,False
2025-05-19 01:40:16.497425,0.46664,0.51229,0.52909,0.52376,False
2025-05-19 01:40:16.536624,0.46281,0.50541,0.5283,0.51271,False
2025-05-19 01:40:16.566794,0.46335,0.5083,0.52726,0.51632,False
2025-05-19 01:40:16.600321,0.46378,0.51825,0.53054,0.52026,False
2025-05-19 01:40:16.630553,0.46536,0.51232,0.52767,0.5229,False
2025-05-19 01:40:16.664432,0.46829,0.52475,0.52596,0.51878,False
2025-05-19 01:40:16.700357,0.46309,0.4972,0.53251,0.52519,False
2025-05-19 01:40:16.729589,0.4631,0.52055,0.528,0.51523,False
2025-05-19 01:40:16.762766,0.46407,0.51521,0.52533,0.51152,False
2025-05-19 01:40:16.795075,0.47041,0.51223,0.52876,0.52,False
2025-05-19 01:40:16.830830,0.46266,0.51204,0.52781,0.52095,False
2025-05-19 01:40:16.862252,0.46809,0.5182,0.52722,0.52013,False
2025-05-19 01:40:16.894937,0.46484,0.49885,0.52733,0.5026,False
2025-05-19 01:40:16.928261,0.46984,0.5223,0.52648,0.5121,False
2025-05-19 01:40:16.963673,0.46968,0.51462,0.53783,0.53181,False
2025-05-19 01:40:16.995084,0.46329,0.50435,0.53057,0.51666,False
2025-05-19 01:40:17.027186,0.46535,0.5239,0.53127,0.51639,False
2025-05-19 01:40:17.060666,0.47142,0.50704,0.52682,0.51436,False
2025-05-19 01:40:17.096353,0.47087,0.4999,0.52925,0.50467,False
2025-05-19 01:40:17.126078,0.46463,0.50902,0.53471,0.52185,False
2025-05-19 01:40:17.159673,0.46796,0.52201,0.53016,0.51617,False
2025-05-19 01:40:17.192141,0.46816,0.51369,0.53098,0.51253,False
2025-05-19 01:40:17.228829,0.46338,0.50458,0.52925,0.50807,False
2025-05-19 01:40:17.256537,0.4653,0.50944,0.53094,0.50811,False
2025-05-19 01:40:17.291269,0.46308,0.50818,0.52884,0.51615,False
2025-05-19 01:40:17.322576,0.45955,0.51052,0.53195,0.51809,False
2025-05-19 01:40:17.360548,0.46841,0.51017,0.5325,0.52105,False
2025-05-19 01:40:17.389587,0.46724,0.50485,0.53152,0.52118,False
2025-05-19 01:40:17.424197,0.46564,0.51536,0.53317,0.51648,False
2025-05-19 01:40:17.454254,0.46943,0.50626,0.52415,0.50951,False
2025-05-19 01:40:17.491306,0.46646,0.51031,0.52585,0.5078,False
2025-05-19 01:40:17.521459,0.46808,0.51378,0.53149,0.51462,False
2025-05-19 01:40:17.555181,0.46915,0.50727,0.5299,0.513,False
2025-05-19 01:40:17.586784,0.46364,0.50951,0.52619,0.52269,False
2025-05-19 01:40:17.619920,0.47469,0.4997,0.53291,0.50609,False
2025-05-19 01:40:17.655022,0.46624,0.51052,0.52965,0.50744,False
2025-05-19 01:40:17.688917,0.4667,0.51526,0.52925,0.50825,False
2025-05-19 01:40:17.718007,0.47402,0.5216,0.52559,0.50991,False
2025-05-19 01:40:17.749692,0.46993,0.51611,0.5226,0.50667,False
2025-05-19 01:40:17.788654,0.46578,0.51225,0.52894,0.50088,False
2025-05-19 01:40:17.819143,0.46976,0.49612,0.52511,0.51008,False
2025-05-19 01:40:17.851588,0.47709,0.52595,0.5299,0.51589,False
2025-05-19 01:40:17.881907,0.47027,0.5202,0.52087,0.50215,False
2025-05-19 01:40:17.919848,0.46545,0.51597,0.52548,0.50559,False
2025-05-19 01:40:17.951840,0.46964,0.51206,0.5296,0.51955,False
2025-05-19 01:40:17.981451,0.47031,0.52742,0.52582,0.50418,False
2025-05-19 01:40:18.017177,0.46701,0.51615,0.52949,0.51495,False
2025-05-19 01:40:18.051299,0.47124,0.51342,0.52415,0.49117,False
2025-05-19 01:40:18.084356,0.46336,0.50712,0.53174,0.51542,False
2025-05-19 01:40:18.115395,0.46256,0.50887,0.5319,0.51181,False
2025-05-19 01:40:18.147395,0.46153,0.50134,0.52582,0.5135,False
2025-05-19 01:40:18.184089,0.47429,0.51055,0.5318,0.52405,False
2025-05-19 01:40:18.213970,0.47342,0.51859,0.5259,0.50645,False
2025-05-19 01:40:18.248475,0.46409,0.51872,0.52542,0.50667,False
2025-05-19 01:40:18.280843,0.46799,0.50837,0.52646,0.50212,False
2025-05-19 01:40:18.316288,0.46754,0.50799,0.52654,0.51586,False
2025-05-19 01:40:18.348230,0.46788,0.50809,0.53023,0.50699,False
2025-05-19 01:40:18.380001,0.47132,0.51906,0.53031,0.52843,False
2025-05-19 01:40:18.410625,0.47013,0.50919,0.52768,0.50669,False
2025-05-19 01:40:18.448879,0.47355,0.51676,0.52991,0.51014,False
2025-05-19 01:40:18.477891,0.47218,0.5183,0.53,0.50044,False
2025-05-19 01:40:18.511571,0.47257,0.52049,0.52809,0.50641,False
2025-05-19 01:40:18.544346,0.46816,0.50335,0.52673,0.51129,False
2025-05-19 01:40:18.581179,0.46851,0.53132,0.52847,0.52052,False
2025-05-19 01:40:18.610099,0.47264,0.51639,0.52669,0.51777,False
2025-05-19 01:40:18.645112,0.47415,0.5255,0.52945,0.51769,False
2025-05-19 01:40:18.674780,0.47336,0.50481,0.52963,0.5189,False
2025-05-19 01:40:18.708091,0.46941,0.52459,0.5297,0.51726,False
2025-05-19 01:40:18.744965,0.47627,0.51433,0.528,0.51192,False
2025-05-19 01:40:18.774811,0.47177,0.5274,0.52447,0.5119,False
2025-05-19 01:40:18.807266,0.46903,0.50573,0.52635,0.51159,False
2025-05-19 01:40:18.840982,0.47272,0.52458,0.53054,0.51161,False
2025-05-19 01:40:18.876788,0.46878,0.51757,0.52899,0.50464,False
2025-05-19 01:40:18.905705,0.46632,0.51056,0.52578,0.51108,False
2025-05-19 01:40:18.939886,0.46278,0.52252,0.52151,0.52422,False
2025-05-19 01:40:18.970994,0.46431,0.51705,0.52895,0.51475,False
2025-05-19 01:40:19.008946,0.46525,0.51827,0.52411,0.51774,False
2025-05-19 01:40:19.037272,0.47166,0.49827,0.52589,0.52076,False
2025-05-19 01:40:19.071658,0.47282,0.53303,0.53097,0.51539,False
2025-05-19 01:40:19.102836,0.46795,0.51575,0.53074,0.51824,False
2025-05-19 01:40:19.140633,0.47394,0.52258,0.52868,0.51823,False
2025-05-19 01:40:19.170226,0.4737,0.53168,0.53328,0.51225,False
2025-05-19 01:40:19.205093,0.46413,0.50562,0.52553,0.51695,False
2025-05-19 01:40:19.235349,0.47251,0.53424,0.52612,0.50226,False
2025-05-19 01:40:19.269762,0.47186,0.52029,0.52814,0.51155,False
2025-05-19 01:40:19.304262,0.46237,0.49981,0.53001,0.51629,False
2025-05-19 01:40:19.333956,0.46759,0.51916,0.52481,0.50888,False
2025-05-19 01:40:19.368883,0.46544,0.494,0.52403,0.50638,False
2025-05-19 01:40:19.405062,0.46869,0.51072,0.53048,0.5161,False
2025-05-19 01:40:19.434411,0.46423,0.5009,0.52324,0.51026,False
2025-05-19 01:40:19.467890,0.473,0.51108,0.52535,0.5116,False
2025-05-19 01:40:19.499433,0.46511,0.53167,0.53001,0.52421,False
2025-05-19 01:40:19.536374,0.47245,0.50327,0.52959,0.52109,False
2025-05-19 01:40:19.566320,0.472,0.51088,0.52847,0.51578,False
2025-05-19 01:40:19.598567,0.47344,0.48828,0.52502,0.50408,False
2025-05-19 01:40:19.629761,0.45998,0.49937,0.5378,0.52439,False
2025-05-19 01:40:19.662615,0.46905,0.50045,0.52822,0.50993,False
2025-05-19 01:40:19.700647,0.47127,0.51793,0.53255,0.52273,False
2025-05-19 01:40:19.730033,0.46443,0.50823,0.53134,0.52204,False
2025-05-19 01:40:19.761947,0.45946,0.507,0.53163,0.52285,False
2025-05-19 01:40:19.795184,0.45708,0.50723,0.53668,0.51626,False
2025-05-19 01:40:19.832859,0.4567,0.5138,0.52675,0.51389,False
2025-05-19 01:40:19.861673,0.45949,0.51179,0.53027,0.51581,False
2025-05-19 01:40:19.895082,0.46239,0.50792,0.53614,0.5117,False
2025-05-19 01:40:19.928018,0.46199,0.50772,0.52954,0.51217,False
2025-05-19 01:40:19.965036,0.46102,0.50872,0.53815,0.51922,False
2025-05-19 01:40:19.993914,0.4615,0.50971,0.53406,0.51398,False
2025-05-19 01:40:20.026667,0.45864,0.50929,0.53191,0.51078,False
2025-05-19 01:40:20.061624,0.46804,0.51084,0.53107,0.51383,False
2025-05-19 01:40:20.097279,0.47591,0.50539,0.54356,0.51724,False
2025-05-19 01:40:20.127174,0.47366,0.52513,0.53437,0.51808,False
2025-05-19 01:40:20.159436,0.47497,0.50924,0.54072,0.5167,False
2025-05-19 01:40:20.193463,0.47166,0.49445,0.54053,0.5184,False
2025-05-19 01:40:20.228476,0.47083,0.53006,0.53717,0.51513,False
2025-05-19 01:40:20.260994,0.46269,0.48684,0.54445,0.5259,False
2025-05-19 01:40:20.290773,0.46924,0.51687,0.53107,0.51867,False
2025-05-19 01:40:20.323758,0.48008,0.50468,0.53696,0.51416,False
2025-05-19 01:40:20.360603,0.47492,0.51616,0.53704,0.51862,False
2025-05-19 01:40:20.392315,0.47217,0.49102,0.53263,0.51674,False
2025-05-19 01:40:20.422328,0.47044,0.51327,0.5406,0.51383,False
2025-05-19 01:40:20.457118,0.46971,0.49654,0.53121,0.50961,False
2025-05-19 01:40:20.493433,0.47646,0.50406,0.53241,0.51256,False
2025-05-19 01:40:20.521832,0.48454,0.50136,0.53689,0.52001,False
2025-05-19 01:40:20.555969,0.46572,0.49489,0.53545,0.51959,False
2025-05-19 01:40:20.586735,0.47921,0.50749,0.53503,0.52178,False
2025-05-19 01:40:20.625555,0.46834,0.51589,0.53604,0.52393,False
2025-05-19 01:40:20.654321,0.46999,0.5138,0.53085,0.51495,False
2025-05-19 01:40:20.687359,0.47792,0.52002,0.5373,0.50708,False
2025-05-19 01:40:20.718775,0.47061,0.50964,0.53558,0.51865,False
2025-05-19 01:40:20.752303,0.47078,0.51735,0.53438,0.52299,False
2025-05-19 01:40:20.788723,0.46886,0.52212,0.53965,0.5312,False
2025-05-19 01:40:20.818119,0.47157,0.51988,0.53051,0.51913,False
2025-05-19 01:40:20.852142,0.47195,0.52486,0.53131,0.52866,False
2025-05-19 01:40:20.882645,0.46596,0.51794,0.53458,0.52258,False
2025-05-19 01:40:20.920344,0.47891,0.51877,0.53317,0.52416,False
2025-05-19 01:40:20.953596,0.47534,0.51975,0.53376,0.52662,False
2025-05-19 01:40:20.984673,0.47566,0.52496,0.52963,0.5265,False
2025-05-19 01:40:21.015324,0.46603,0.5227,0.53414,0.5345,False
2025-05-19 01:40:21.052757,0.46623,0.53338,0.5315,0.51972,False
2025-05-19 01:40:21.083937,0.46209,0.51949,0.53964,0.52594,False
2025-05-19 01:40:21.115364,0.47575,0.52282,0.53188,0.51633,False
2025-05-19 01:40:21.147677,0.47153,0.51829,0.53925,0.51169,False
2025-05-19 01:40:21.184783,0.47036,0.51816,0.52622,0.51114,False
2025-05-19 01:40:21.215235,0.46617,0.52165,0.52752,0.50955,False
2025-05-19 01:40:21.246730,0.4711,0.51268,0.53411,0.51894,False
2025-05-19 01:40:21.278645,0.46265,0.50102,0.53569,0.51783,False
2025-05-19 01:40:21.316829,0.46132,0.50694,0.5322,0.51618,False
2025-05-19 01:40:21.347084,0.47061,0.49572,0.52723,0.51603,False
2025-05-19 01:40:21.379682,0.46464,0.50065,0.54198,0.53398,False
2025-05-19 01:40:21.413202,0.47563,0.49348,0.52852,0.51858,False
2025-05-19 01:40:21.449646,0.47159,0.46992,0.52015,0.50282,False
2025-05-19 01:40:21.479618,0.46895,0.49287,0.53394,0.51554,False
2025-05-19 01:40:21.512886,0.4639,0.50419,0.52923,0.52505,False
2025-05-19 01:40:21.544073,0.47028,0.51975,0.52525,0.52884,False
2025-05-19 01:40:21.582009,0.47299,0.51383,0.51316,0.49217,False
2025-05-19 01:40:21.611857,0.47927,0.51265,0.52366,0.51495,False
2025-05-19 01:40:21.644353,0.47411,0.51873,0.52344,0.50745,False
2025-05-19 01:40:21.675117,0.4762,0.5157,0.52288,0.52417,False
2025-05-19 01:40:21.713509,0.46688,0.50829,0.52281,0.52099,False
2025-05-19 01:40:21.745088,0.47628,0.49067,0.5243,0.52247,False
2025-05-19 01:40:21.774316,0.47328,0.51918,0.52174,0.51592,False
2025-05-19 01:40:21.809181,0.47207,0.49596,0.51464,0.52708,False
2025-05-19 01:40:21.840457,0.46892,0.50041,0.51942,0.51675,False
2025-05-19 01:40:21.877720,0.47115,0.51024,0.52242,0.51724,False
2025-05-19 01:40:21.906106,0.47489,0.5109,0.52229,0.51327,False
2025-05-19 01:40:21.941435,0.47203,0.52158,0.52488,0.51981,False
2025-05-19 01:40:21.971773,0.47621,0.48354,0.52788,0.51163,False
2025-05-19 01:40:22.009164,0.47101,0.47093,0.52784,0.50992,False
2025-05-19 01:40:22.039974,0.46672,0.5056,0.52423,0.52464,False
2025-05-19 01:40:22.073075,0.463,0.48455,0.52753,0.52954,False
2025-05-19 01:40:22.104713,0.47142,0.50719,0.52932,0.51191,False
2025-05-19 01:40:22.140988,0.46766,0.50828,0.52312,0.51452,False
2025-05-19 01:40:22.172009,0.47096,0.48241,0.52796,0.52058,False
2025-05-19 01:40:22.205555,0.47311,0.50263,0.53236,0.52304,False
2025-05-19 01:40:22.235639,0.46712,0.49538,0.52436,0.52089,False
2025-05-19 01:40:22.271873,0.46502,0.49827,0.52711,0.52226,False
2025-05-19 01:40:22.305266,0.46408,0.49114,0.52655,0.50899,False
2025-05-19 01:40:22.334747,0.46631,0.4944,0.52607,0.51281,False
2025-05-19 01:40:22.368652,0.46003,0.49937,0.52305,0.51097,False
2025-05-19 01:40:22.405923,0.46843,0.50795,0.52638,0.52581,False
2025-05-19 01:40:22.435704,0.46542,0.49133,0.52764,0.5209,False
2025-05-19 01:40:22.468022,0.47624,0.47614,0.52682,0.51333,False
2025-05-19 01:40:22.499755,0.46887,0.51449,0.52708,0.51414,False
2025-05-19 01:40:22.537299,0.46965,0.49939,0.52784,0.50649,False
2025-05-19 01:40:22.567521,0.47376,0.49823,0.52394,0.52429,False
2025-05-19 01:40:22.599350,0.46899,0.50898,0.52564,0.52024,False
2025-05-19 01:40:22.632916,0.4765,0.46806,0.52957,0.51798,False
2025-05-19 01:40:22.669851,0.47204,0.50344,0.52052,0.51665,False
2025-05-19 01:40:22.699477,0.4695,0.49896,0.51984,0.50945,False
2025-05-19 01:40:22.732668,0.47306,0.48993,0.52173,0.51182,False
2025-05-19 01:40:22.763674,0.47099,0.49935,0.52536,0.52188,False
2025-05-19 01:40:22.796238,0.47319,0.46961,0.52451,0.51721,False
2025-05-19 01:40:22.834178,0.47598,0.48472,0.52076,0.51034,False
2025-05-19 01:40:22.863689,0.47666,0.4803,0.52318,0.50552,False
2025-05-19 01:40:22.895792,0.47444,0.492,0.52161,0.51442,False
2025-05-19 01:40:22.927609,0.4736,0.4861,0.5267,0.51306,False
2025-05-19 01:40:22.965983,0.47788,0.49038,0.52341,0.51767,False
2025-05-19 01:40:22.994896,0.47084,0.49556,0.52013,0.5256,False
2025-05-19 01:40:23.030135,0.47559,0.50245,0.52675,0.52129,False
2025-05-19 01:40:23.058979,0.47448,0.49522,0.51729,0.50727,False
2025-05-19 01:40:23.097860,0.46905,0.49603,0.52659,0.52652,False
2025-05-19 01:40:23.127494,0.46931,0.50149,0.51819,0.4975,False
2025-05-19 01:40:23.161837,0.47488,0.45643,0.51897,0.51983,False
2025-05-19 01:40:23.192612,0.47494,0.50859,0.51932,0.52058,False
2025-05-19 01:40:23.228833,0.46644,0.50223,0.5185,0.51916,False
2025-05-19 01:40:23.261060,0.47706,0.48432,0.52194,0.52453,False
2025-05-19 01:40:23.291816,0.47555,0.48842,0.52255,0.51382,False
2025-05-19 01:40:23.325868,0.47717,0.47728,0.52323,0.5269,False
2025-05-19 01:40:23.361352,0.47649,0.4699,0.52379,0.52557,False
2025-05-19 01:40:23.391113,0.4673,0.51087,0.521,0.50877,False
2025-05-19 01:40:23.425524,0.47821,0.49464,0.51887,0.52462,False
2025-05-19 01:40:23.457411,0.47644,0.4953,0.52636,0.517,False
2025-05-19 01:40:23.494020,0.47616,0.49199,0.5228,0.52006,False
2025-05-19 01:40:23.524185,0.47401,0.50758,0.52,0.52022,False
2025-05-19 01:40:23.554258,0.47836,0.4943,0.52001,0.52253,False
2025-05-19 01:40:23.589305,0.47099,0.50048,0.52281,0.51791,False
2025-05-19 01:40:23.624679,0.4785,0.49353,0.52143,0.53143,False
2025-05-19 01:40:23.655185,0.47229,0.5006,0.51998,0.53535,False
2025-05-19 01:40:23.688186,0.4796,0.48721,0.52073,0.52005,False
2025-05-19 01:40:23.720009,0.47548,0.5347,0.51438,0.5115,False
2025-05-19 01:40:23.757267,0.47487,0.50352,0.52143,0.51909,False
2025-05-19 01:40:23.787670,0.47145,0.5155,0.52257,0.52561,False
2025-05-19 01:40:23.820488,0.47064,0.5113,0.51772,0.51214,False
2025-05-19 01:40:23.852709,0.47581,0.50321,0.52329,0.51967,False
2025-05-19 01:40:23.883917,0.46902,0.52578,0.51782,0.50834,False
2025-05-19 01:40:23.921784,0.47235,0.52149,0.52366,0.52739,False
2025-05-19 01:40:23.951435,0.4699,0.51733,0.52848,0.52347,False
2025-05-19 01:40:23.984503,0.47031,0.51216,0.52471,0.5195,False
2025-05-19 01:40:24.016289,0.47455,0.48257,0.51385,0.52232,False
2025-05-19 01:40:24.052785,0.47159,0.51287,0.52413,0.51695,False
2025-05-19 01:40:24.084501,0.47086,0.5039,0.52189,0.51029,False
2025-05-19 01:40:24.115851,0.47314,0.50268,0.52106,0.51581,False
2025-05-19 01:40:24.150394,0.47122,0.50219,0.52133,0.50845,False
2025-05-19 01:40:24.186249,0.46802,0.5134,0.52179,0.52198,False
2025-05-19 01:40:24.216951,0.47038,0.51697,0.52195,0.5184,False
2025-05-19 01:40:24.248985,0.47159,0.5176,0.52661,0.5201,False
2025-05-19 01:40:24.279732,0.47563,0.50235,0.52393,0.50618,False
2025-05-19 01:40:24.318557,0.47767,0.49768,0.52541,0.52335,False
2025-05-19 01:40:24.349493,0.47153,0.51373,0.51877,0.50316,False
2025-05-19 01:40:24.381478,0.4746,0.52296,0.51892,0.51808,False
2025-05-19 01:40:24.414173,0.47428,0.51926,0.52424,0.52436,False
2025-05-19 01:40:24.449487,0.47837,0.53989,0.52371,0.5059,False
2025-05-19 01:40:24.481308,0.47899,0.5115,0.52654,0.51593,False
2025-05-19 01:40:24.513582,0.47872,0.49289,0.52001,0.51889,False
2025-05-19 01:40:24.543536,0.47222,0.50461,0.52263,0.52974,False
2025-05-19 01:40:24.582289,0.46817,0.50645,0.5235,0.52739,False
2025-05-19 01:40:24.611793,0.46702,0.50318,0.51751,0.52824,False
2025-05-19 01:40:24.646371,0.45947,0.52536,0.51953,0.526,False
2025-05-19 01:40:24.675781,0.46843,0.51414,0.52466,0.52824,False
2025-05-19 01:40:24.714310,0.47027,0.51655,0.52507,0.53825,False
2025-05-19 01:40:24.743518,0.47174,0.51418,0.52449,0.52335,False
2025-05-19 01:40:24.776360,0.4681,0.50981,0.52569,0.53115,False
2025-05-19 01:40:24.808818,0.47026,0.52615,0.52521,0.51982,False
2025-05-19 01:40:24.839661,0.47558,0.51754,0.51946,0.52015,False
2025-05-19 01:40:24.877237,0.47743,0.51388,0.52309,0.51203,False
2025-05-19 01:40:24.908103,0.47402,0.54369,0.52983,0.52732,False
2025-05-19 01:40:24.939991,0.47183,0.51912,0.5185,0.50513,False
2025-05-19 01:40:24.973424,0.46911,0.53495,0.5227,0.50933,False
2025-05-19 01:40:25.010089,0.47586,0.53083,0.52318,0.51214,False
2025-05-19 01:40:25.040960,0.47776,0.53589,0.52504,0.51632,False
2025-05-19 01:40:25.072199,0.47774,0.53926,0.5202,0.48881,False
2025-05-19 01:40:25.104256,0.47646,0.54045,0.52145,0.50784,False
2025-05-19 01:40:25.142103,0.47428,0.54625,0.51476,0.50534,False
2025-05-19 01:40:25.171333,0.47629,0.5239,0.51606,0.51373,False
2025-05-19 01:40:25.205531,0.4674,0.53344,0.52252,0.51323,False
2025-05-19 01:40:25.236181,0.4814,0.53266,0.51606,0.50147,False
2025-05-19 01:40:25.269706,0.47472,0.52453,0.51879,0.51379,False
2025-05-19 01:40:25.305975,0.47211,0.53552,0.51871,0.52175,False
2025-05-19 01:40:25.337287,0.47404,0.52992,0.51712,0.51005,False
2025-05-19 01:40:25.367591,0.47631,0.5361,0.5206,0.5128,False
2025-05-19 01:40:25.406822,0.47265,0.51869,0.51731,0.5086,False
2025-05-19 01:40:25.436142,0.47391,0.53641,0.52734,0.5213,False
2025-05-19 01:40:25.469995,0.4796,0.52357,0.5203,0.50329,False
2025-05-19 01:40:25.499116,0.46995,0.54346,0.52188,0.51972,False
2025-05-19 01:40:25.538528,0.47172,0.50722,0.52177,0.52174,False
2025-05-19 01:40:25.569136,0.47748,0.51521,0.51066,0.45319,False
2025-05-19 01:40:25.600895,0.4737,0.50846,0.51188,0.50672,False
2025-05-19 01:40:25.632140,0.47583,0.48848,0.5144,0.5075,False
2025-05-19 01:40:25.670589,0.47774,0.51711,0.51427,0.51888,False
2025-05-19 01:40:25.699756,0.48185,0.50354,0.51653,0.4971,False
2025-05-19 01:40:25.732897,0.4801,0.51902,0.51337,0.46012,False
2025-05-19 01:40:25.764282,0.47776,0.52792,0.51544,0.48676,False
2025-05-19 01:40:25.801632,0.47859,0.53116,0.51914,0.52471,False
2025-05-19 01:40:25.830661,0.47478,0.52234,0.51744,0.49002,False
2025-05-19 01:40:25.865729,0.47294,0.52606,0.5147,0.51948,False
2025-05-19 01:40:25.895327,0.47525,0.52716,0.50995,0.48773,False
2025-05-19 01:40:25.929970,0.47617,0.49896,0.51359,0.4985,False
2025-05-19 01:40:25.966510,0.4759,0.50814,0.51294,0.49112,False
2025-05-19 01:40:25.996051,0.48141,0.49231,0.51002,0.49775,False
2025-05-19 01:40:26.030626,0.47625,0.51158,0.51103,0.50474,False
2025-05-19 01:40:26.061078,0.47347,0.47121,0.52112,0.52337,False
2025-05-19 01:40:26.098452,0.46803,0.51786,0.51262,0.50022,False
2025-05-19 01:40:26.128662,0.48224,0.48823,0.51181,0.49983,False
2025-05-19 01:40:26.162947,0.46746,0.52045,0.5107,0.52228,False
2025-05-19 01:40:26.191401,0.47656,0.50562,0.512,0.51597,False
2025-05-19 01:40:26.230998,0.47999,0.49864,0.51329,0.52394,False
2025-05-19 01:40:26.259645,0.47446,0.51198,0.50606,0.47006,False
2025-05-19 01:40:26.292875,0.47821,0.48701,0.51288,0.50306,False
2025-05-19 01:40:26.325285,0.47047,0.51739,0.50685,0.48198,False
2025-05-19 01:40:26.363108,0.47658,0.50634,0.50729,0.49476,False
2025-05-19 01:40:26.391643,0.47259,0.49541,0.50267,0.48269,False
2025-05-19 01:40:26.424458,0.48278,0.48911,0.51057,0.50807,False
2025-05-19 01:40:26.458574,0.47449,0.52312,0.51194,0.51601,False
2025-05-19 01:40:26.492574,0.47436,0.51485,0.51057,0.50202,False
2025-05-19 01:40:26.524070,0.47996,0.48936,0.51544,0.51661,False
2025-05-19 01:40:26.556059,0.47109,0.53242,0.50456,0.44446,False
2025-05-19 01:40:26.589369,0.4771,0.52607,0.50933,0.4926,False
2025-05-19 01:40:26.626808,0.48073,0.49186,0.50936,0.4893,False
2025-05-19 01:40:26.655819,0.4696,0.51436,0.50472,0.46159,False
2025-05-19 01:40:26.689271,0.47537,0.52454,0.50743,0.50916,False
2025-05-19 01:40:26.720832,0.47368,0.51485,0.51317,0.51336,False
2025-05-19 01:40:26.758512,0.47417,0.51355,0.51187,0.51285,False
2025-05-19 01:40:26.789111,0.47419,0.46412,0.51556,0.49373,False
2025-05-19 01:40:26.820970,0.47595,0.48558,0.51641,0.516,False
2025-05-19 01:40:26.851895,0.47241,0.4918,0.51471,0.495,False
2025-05-19 01:40:26.890468,0.47681,0.48798,0.50746,0.4793,False
2025-05-19 01:40:26.919867,0.46976,0.52229,0.5147,0.52066,False
2025-05-19 01:40:26.951953,0.4734,0.5258,0.51128,0.50619,False
2025-05-19 01:40:26.984652,0.46592,0.49618,0.50732,0.49311,False
2025-05-19 01:40:27.016810,0.47475,0.50587,0.51299,0.50591,False
2025-05-19 01:40:27.053562,0.47292,0.4951,0.50853,0.50445,False
2025-05-19 01:40:27.085732,0.47193,0.49961,0.5084,0.50409,False
2025-05-19 01:40:27.115915,0.47795,0.52486,0.51097,0.51444,False
2025-05-19 01:40:27.149225,0.4754,0.51957,0.51425,0.51871,False
2025-05-19 01:40:27.186365,0.47596,0.54272,0.50832,0.52397,False
2025-05-19 01:40:27.216105,0.47475,0.5176,0.51129,0.50905,False
2025-05-19 01:40:27.249977,0.47204,0.53821,0.51549,0.51422,False
2025-05-19 01:40:27.277632,0.47218,0.51206,0.51789,0.52993,False
2025-05-19 01:40:27.319435,0.47163,0.53565,0.50923,0.51448,False
2025-05-19 01:40:27.346956,0.47765,0.50785,0.50933,0.52035,False
2025-05-19 01:40:27.381012,0.48012,0.51346,0.51323,0.52389,False
2025-05-19 01:40:27.413596,0.47679,0.51931,0.51464,0.52116,False
2025-05-19 01:40:27.449620,0.47325,0.5273,0.51134,0.53051,False
2025-05-19 01:40:27.480800,0.47601,0.51731,0.50822,0.4944,False
2025-05-19 01:40:27.514374,0.4818,0.52683,0.51351,0.52052,False
2025-05-19 01:40:27.543662,0.46753,0.50063,0.50766,0.51243,False
2025-05-19 01:40:27.583315,0.47317,0.49984,0.51449,0.52111,False
2025-05-19 01:40:27.612150,0.48527,0.47518,0.50773,0.51908,False
2025-05-19 01:40:27.645787,0.48397,0.51192,0.51066,0.51796,False
2025-05-19 01:40:27.677585,0.47167,0.50815,0.50581,0.51631,False
2025-05-19 01:40:27.715126,0.47372,0.51623,0.51313,0.5122,False
2025-05-19 01:40:27.742101,0.46096,0.52695,0.51297,0.51892,False
2025-05-19 01:40:27.778227,0.47945,0.50064,0.50702,0.48616,False
2025-05-19 01:40:27.808763,0.47612,0.52449,0.50488,0.4898,False
2025-05-19 01:40:27.845721,0.48144,0.51708,0.50662,0.51148,False
2025-05-19 01:40:27.876803,0.47577,0.52118,0.50773,0.4919,False
2025-05-19 01:40:27.906544,0.48504,0.49668,0.50947,0.51162,False
2025-05-19 01:40:27.942056,0.48461,0.51997,0.50932,0.50469,False
2025-05-19 01:40:27.974312,0.49056,0.50701,0.50016,0.47727,False
2025-05-19 01:40:28.011376,0.4873,0.51709,0.50405,0.51558,False
2025-05-19 01:40:28.039895,0.4849,0.50448,0.50832,0.52177,False
2025-05-19 01:40:28.075328,0.48371,0.50831,0.51367,0.51988,False
2025-05-19 01:40:28.104422,0.4949,0.50171,0.51666,0.51219,False
2025-05-19 01:40:28.143288,0.48353,0.5167,0.51936,0.53085,False
2025-05-19 01:40:28.172465,0.49067,0.52293,0.51397,0.51909,False
2025-05-19 01:40:28.206066,0.48281,0.52289,0.51885,0.51026,False
2025-05-19 01:40:28.236106,0.49117,0.4925,0.5263,0.52381,False
2025-05-19 01:40:28.272083,0.48355,0.54718,0.51134,0.53779,False
2025-05-19 01:40:28.304605,0.4949,0.52097,0.51395,0.52093,False
2025-05-19 01:40:28.337751,0.48243,0.54041,0.51524,0.52356,False
2025-05-19 01:40:28.370412,0.49029,0.52542,0.51148,0.52734,False
2025-05-19 01:40:28.407355,0.48571,0.53075,0.51858,0.5167,False
2025-05-19 01:40:28.437710,0.48726,0.52811,0.51142,0.514,False
2025-05-19 01:40:28.470615,0.48573,0.52133,0.51203,0.51864,False
2025-05-19 01:40:28.502229,0.48672,0.5281,0.51638,0.5265,False
2025-05-19 01:40:28.539417,0.48159,0.52897,0.51218,0.52821,False
2025-05-19 01:40:28.568440,0.47408,0.53398,0.51405,0.52662,False
2025-05-19 01:40:28.602293,0.48565,0.50382,0.51893,0.52532,False
2025-05-19 01:40:28.633809,0.47201,0.52576,0.51496,0.52741,False
2025-05-19 01:40:28.671682,0.48058,0.51637,0.50616,0.52385,False
2025-05-19 01:40:28.700189,0.47232,0.52548,0.51418,0.52773,False
2025-05-19 01:40:28.735305,0.47585,0.52872,0.516,0.53711,False
2025-05-19 01:40:28.764266,0.47395,0.53402,0.51436,0.53731,False
2025-05-19 01:40:28.803600,0.47761,0.50816,0.50731,0.52645,False
2025-05-19 01:40:28.831689,0.46191,0.51852,0.5157,0.50762,False
2025-05-19 01:40:28.867258,0.46609,0.52017,0.51291,0.52109,False
2025-05-19 01:40:28.899616,0.46817,0.51707,0.51648,0.5152,False
2025-05-19 01:40:28.934952,0.47271,0.52343,0.51183,0.51851,False
2025-05-19 01:40:28.965418,0.46607,0.52478,0.50447,0.50974,False
2025-05-19 01:40:28.996579,0.47482,0.51932,0.5076,0.5206,False
2025-05-19 01:40:29.029045,0.46457,0.52391,0.51299,0.52022,False
2025-05-19 01:40:29.061548,0.46695,0.52556,0.51012,0.51105,False
2025-05-19 01:40:29.099428,0.46722,0.52936,0.50433,0.51153,False
2025-05-19 01:40:29.128307,0.46384,0.53116,0.5148,0.52612,False
2025-05-19 01:40:29.163063,0.46953,0.54016,0.50321,0.52707,False
2025-05-19 01:40:29.192659,0.46253,0.52763,0.50403,0.50816,False
2025-05-19 01:40:29.231364,0.46216,0.53918,0.51072,0.52097,False
2025-05-19 01:40:29.262474,0.4672,0.53382,0.51197,0.51786,False
2025-05-19 01:40:29.295759,0.46453,0.52053,0.51135,0.51706,False
2025-05-19 01:40:29.323089,0.46353,0.53812,0.50484,0.51757,False
2025-05-19 01:40:29.363475,0.46704,0.53778,0.51741,0.52712,False
2025-05-19 01:40:29.394025,0.47259,0.52792,0.51645,0.52326,False
2025-05-19 01:40:29.427676,0.4677,0.54,0.50257,0.52789,False
2025-05-19 01:40:29.456797,0.47381,0.53588,0.51338,0.5293,False
2025-05-19 01:40:29.495408,0.47427,0.53919,0.51385,0.51928,False
2025-05-19 01:40:29.524709,0.46841,0.52847,0.50482,0.52966,False
2025-05-19 01:40:29.557894,0.46499,0.51938,0.51533,0.51731,False
2025-05-19 01:40:29.589793,0.46296,0.53426,0.51252,0.52064,False
2025-05-19 01:40:29.627242,0.46683,0.53509,0.50682,0.50567,False
2025-05-19 01:40:29.656799,0.4617,0.51906,0.51201,0.50963,False
2025-05-19 01:40:29.690419,0.45976,0.53986,0.51342,0.50812,False
2025-05-19 01:40:29.722236,0.46712,0.53261,0.51058,0.50663,False
2025-05-19 01:40:29.758999,0.4674,0.53694,0.51538,0.50181,False
2025-05-19 01:40:29.792420,0.46991,0.52402,0.51154,0.51235,False
2025-05-19 01:40:29.819907,0.46094,0.52492,0.51449,0.50842,False
2025-05-19 01:40:29.855617,0.46691,0.53257,0.5002,0.49023,False
2025-05-19 01:40:29.890904,0.47339,0.53631,0.51618,0.50993,False
2025-05-19 01:40:29.921453,0.47443,0.52122,0.51077,0.51932,False
2025-05-19 01:40:29.954384,0.46969,0.54042,0.51945,0.51267,False
2025-05-19 01:40:29.984984,0.46258,0.53017,0.51593,0.51668,False
2025-05-19 01:40:30.019952,0.46183,0.53054,0.51963,0.50946,False
2025-05-19 01:40:30.053827,0.46559,0.51842,0.50663,0.51584,False
2025-05-19 01:40:30.085954,0.46408,0.53023,0.50643,0.51518,False
2025-05-19 01:40:30.119149,0.46662,0.53896,0.51103,0.51684,False
2025-05-19 01:40:30.150330,0.45902,0.5282,0.51085,0.51662,False
2025-05-19 01:40:30.187456,0.46584,0.52453,0.51805,0.50953,False
2025-05-19 01:40:30.218468,0.46578,0.52426,0.51153,0.50966,False
2025-05-19 01:40:30.250753,0.46315,0.53278,0.5141,0.51231,False
2025-05-19 01:40:30.280752,0.47695,0.52959,0.50869,0.50801,False
2025-05-19 01:40:30.319646,0.46659,0.53871,0.51265,0.51376,False
2025-05-19 01:40:30.349800,0.46303,0.52855,0.51952,0.50946,False
2025-05-19 01:40:30.381826,0.46662,0.53798,0.51627,0.52807,False
2025-05-19 01:40:30.415240,0.45835,0.52491,0.51241,0.50933,False
2025-05-19 01:40:30.451647,0.46336,0.52744,0.51015,0.51055,False
2025-05-19 01:40:30.480534,0.46342,0.52992,0.50422,0.50864,False
2025-05-19 01:40:30.516030,0.46583,0.53227,0.50769,0.50805,False
2025-05-19 01:40:30.546034,0.46292,0.52934,0.50914,0.51216,False
2025-05-19 01:40:30.583920,0.46983,0.52478,0.5078,0.50713,False
2025-05-19 01:40:30.612116,0.46389,0.52887,0.50711,0.51713,False
2025-05-19 01:40:30.645545,0.48156,0.53661,0.5008,0.51644,False
2025-05-19 01:40:30.677161,0.4761,0.53717,0.50386,0.53507,False
2025-05-19 01:40:30.715219,0.47544,0.53076,0.51689,0.52881,False
2025-05-19 01:40:30.746864,0.47959,0.54644,0.51888,0.53603,False
2025-05-19 01:40:30.776975,0.47567,0.5336,0.5087,0.52394,False
2025-05-19 01:40:30.811711,0.47409,0.52857,0.51342,0.53506,False
2025-05-19 01:40:30.847161,0.47288,0.53149,0.51469,0.53535,False
2025-05-19 01:40:30.877883,0.47412,0.5219,0.5206,0.53195,False
2025-05-19 01:40:30.908977,0.47492,0.52779,0.51436,0.5289,False
2025-05-19 01:40:30.942922,0.47245,0.5395,0.51856,0.52941,False
2025-05-19 01:40:30.979445,0.46936,0.51922,0.51859,0.52211,False
2025-05-19 01:40:31.009089,0.47281,0.52422,0.51617,0.53072,False
2025-05-19 01:40:31.042532,0.46871,0.52786,0.51964,0.53233,False
2025-05-19 01:40:31.073665,0.47438,0.51721,0.52437,0.51481,False
2025-05-19 01:40:31.107129,0.46584,0.53168,0.51458,0.53802,False
2025-05-19 01:40:31.141986,0.47005,0.5285,0.516,0.53469,False
2025-05-19 01:40:31.174033,0.47298,0.50167,0.52474,0.5222,False
2025-05-19 01:40:31.206230,0.46249,0.50745,0.52257,0.50682,False
2025-05-19 01:40:31.238543,0.46722,0.50803,0.52141,0.51311,False
2025-05-19 01:40:31.275157,0.47393,0.51086,0.52478,0.51544,False
2025-05-19 01:40:31.305081,0.46934,0.51136,0.51455,0.521,False
2025-05-19 01:40:31.339467,0.4742,0.51409,0.52106,0.52023,False
2025-05-19 01:40:31.368715,0.46556,0.51034,0.52615,0.51727,False
2025-05-19 01:40:31.408005,0.47123,0.49239,0.51949,0.52272,False
2025-05-19 01:40:31.438183,0.46493,0.51831,0.51827,0.51236,False
2025-05-19 01:40:31.469614,0.47314,0.51004,0.51433,0.5063,False
2025-05-19 01:40:31.503429,0.4735,0.50478,0.5172,0.5165,False
2025-05-19 01:40:31.538738,0.46942,0.51494,0.51766,0.51438,False
2025-05-19 01:40:31.571192,0.46757,0.49903,0.51823,0.51826,False
2025-05-19 01:40:31.601134,0.46589,0.5192,0.5165,0.51916,False
2025-05-19 01:40:31.634929,0.4608,0.51079,0.51687,0.51603,False
2025-05-19 01:40:31.671850,0.46777,0.5313,0.52102,0.5157,False
2025-05-19 01:40:31.701733,0.46444,0.52304,0.51344,0.52968,False
2025-05-19 01:40:31.735368,0.4668,0.5328,0.51509,0.52703,False
2025-05-19 01:40:31.765856,0.46358,0.52407,0.50722,0.5316,False
2025-05-19 01:40:31.804241,0.46812,0.51628,0.51654,0.53133,False
2025-05-19 01:40:31.835874,0.46317,0.51818,0.51824,0.53403,False
2025-05-19 01:40:31.864617,0.46876,0.53474,0.51649,0.51639,False
2025-05-19 01:40:31.899461,0.47077,0.52353,0.50837,0.52804,False
2025-05-19 01:40:31.935915,0.46938,0.51855,0.51669,0.51897,False
2025-05-19 01:40:31.965541,0.47723,0.51946,0.51223,0.51318,False
2025-05-19 01:40:31.998697,0.47243,0.53825,0.51888,0.52615,False
2025-05-19 01:40:32.031468,0.47565,0.50857,0.51918,0.51519,False
2025-05-19 01:40:32.067101,0.467,0.52348,0.51441,0.51386,False
2025-05-19 01:40:32.098596,0.47348,0.50803,0.5179,0.50866,False
2025-05-19 01:40:32.128441,0.47333,0.52284,0.51666,0.5137,False
2025-05-19 01:40:32.163282,0.47123,0.54238,0.52165,0.51115,False
2025-05-19 01:40:32.192420,0.46992,0.5147,0.52717,0.51328,False
2025-05-19 01:40:32.231932,0.47357,0.54428,0.5248,0.51219,False
2025-05-19 01:40:32.260792,0.46939,0.5132,0.52546,0.51471,False
2025-05-19 01:40:32.295198,0.47319,0.5114,0.52355,0.52084,False
2025-05-19 01:40:32.326995,0.4667,0.5152,0.52018,0.5175,False
2025-05-19 01:40:32.363418,0.47252,0.51722,0.52578,0.50435,False
2025-05-19 01:40:32.394896,0.478,0.5037,0.52106,0.51496,False
2025-05-19 01:40:32.425209,0.47669,0.50504,0.52168,0.51115,False
2025-05-19 01:40:32.458232,0.46882,0.50569,0.51806,0.51625,False
2025-05-19 01:40:32.494433,0.47185,0.51541,0.51815,0.51375,False
2025-05-19 01:40:32.525864,0.47019,0.52204,0.51349,0.51558,False
2025-05-19 01:40:32.560044,0.47395,0.50533,0.51584,0.51835,False
2025-05-19 01:40:32.589390,0.46841,0.50688,0.51797,0.52491,False
2025-05-19 01:40:32.628338,0.46908,0.50796,0.52015,0.51449,False
2025-05-19 01:40:32.658703,0.47318,0.5113,0.51696,0.50929,False
2025-05-19 01:40:32.691492,0.46462,0.50978,0.51058,0.52202,False
2025-05-19 01:40:32.721633,0.47898,0.51097,0.5207,0.50989,False
2025-05-19 01:40:32.759390,0.47068,0.5095,0.51704,0.523,False
2025-05-19 01:40:32.792132,0.47198,0.51267,0.51457,0.50522,False
2025-05-19 01:40:32.819992,0.46795,0.50651,0.51359,0.50936,False
2025-05-19 01:40:32.855611,0.46919,0.50465,0.50997,0.51316,False
2025-05-19 01:40:32.891682,0.46736,0.509,0.51931,0.50613,False
2025-05-19 01:40:32.921628,0.47156,0.50046,0.51991,0.51079,False
2025-05-19 01:40:32.955515,0.46778,0.50325,0.517,0.50522,False
2025-05-19 01:40:32.986735,0.47004,0.50417,0.51648,0.51055,False
2025-05-19 01:40:33.023159,0.47592,0.51076,0.51244,0.50873,False
2025-05-19 01:40:33.055542,0.46311,0.50329,0.51494,0.51089,False
2025-05-19 01:40:33.087192,0.45987,0.50898,0.51213,0.5208,False
2025-05-19 01:40:33.117168,0.46316,0.5128,0.50912,0.52038,False
2025-05-19 01:40:33.149387,0.46115,0.50328,0.51293,0.52515,False
2025-05-19 01:40:33.187948,0.45622,0.50816,0.50767,0.52092,False
2025-05-19 01:40:33.216883,0.4568,0.52438,0.51269,0.51711,False
2025-05-19 01:40:33.252010,0.46659,0.51153,0.50964,0.52599,False
2025-05-19 01:40:33.279677,0.45675,0.52967,0.51148,0.51903,False
2025-05-19 01:40:33.319683,0.45923,0.50499,0.50736,0.52545,False
2025-05-19 01:40:33.349152,0.4621,0.51199,0.50922,0.52137,False
2025-05-19 01:40:33.383264,0.46071,0.52073,0.51309,0.52571,False
2025-05-19 01:40:33.413265,0.4636,0.50065,0.51297,0.52022,False
2025-05-19 01:40:33.452257,0.47357,0.50172,0.5187,0.51109,False
2025-05-19 01:40:33.480826,0.48183,0.48045,0.51727,0.51624,False
2025-05-19 01:40:33.515943,0.47494,0.49626,0.52149,0.51827,False
2025-05-19 01:40:33.546440,0.46012,0.50521,0.51276,0.51237,False
2025-05-19 01:40:33.583444,0.4702,0.49615,0.51264,0.51593,False
2025-05-19 01:40:33.615207,0.47883,0.51212,0.51928,0.51723,False
2025-05-19 01:40:33.646236,0.46695,0.49556,0.5128,0.51215,False
2025-05-19 01:40:33.680306,0.46257,0.494,0.51812,0.50618,False
2025-05-19 01:40:33.716348,0.45948,0.51118,0.51784,0.51078,False
2025-05-19 01:40:33.745049,0.46082,0.51306,0.51661,0.52015,False
2025-05-19 01:40:33.777755,0.45755,0.49278,0.51471,0.51053,False
2025-05-19 01:40:33.811440,0.45902,0.49918,0.50922,0.51793,False
2025-05-19 01:40:33.848538,0.45387,0.50093,0.51396,0.51843,False
2025-05-19 01:40:33.877177,0.45761,0.49537,0.52165,0.51143,False
2025-05-19 01:40:33.910508,0.46024,0.49459,0.51786,0.51279,False
2025-05-19 01:40:33.943964,0.4577,0.46274,0.50649,0.51995,False
2025-05-19 01:40:33.980175,0.45861,0.48424,0.51222,0.5134,False
2025-05-19 01:40:34.011668,0.45475,0.50515,0.50822,0.51942,False
2025-05-19 01:40:34.042000,0.45691,0.4949,0.51436,0.50983,False
2025-05-19 01:40:34.073931,0.45004,0.51533,0.51379,0.50324,False
2025-05-19 01:40:34.112468,0.46246,0.49066,0.51532,0.51616,False
2025-05-19 01:40:34.142109,0.46053,0.47771,0.52012,0.51507,False
2025-05-19 01:40:34.175191,0.46118,0.48853,0.51129,0.52123,False
2025-05-19 01:40:34.206707,0.45472,0.49268,0.51122,0.52763,False
2025-05-19 01:40:34.240231,0.4563,0.50949,0.51869,0.51665,False
2025-05-19 01:40:34.274724,0.45008,0.50743,0.5149,0.52051,False
2025-05-19 01:40:34.304940,0.45696,0.51426,0.51529,0.51514,False
2025-05-19 01:40:34.340456,0.46498,0.50761,0.52106,0.51484,False
2025-05-19 01:40:34.370253,0.46228,0.51992,0.52277,0.52208,False
2025-05-19 01:40:34.408625,0.46706,0.50962,0.51076,0.52503,False
2025-05-19 01:40:34.436889,0.47489,0.53037,0.52552,0.51195,False
2025-05-19 01:40:34.471771,0.46608,0.52128,0.52669,0.51676,False
2025-05-19 01:40:34.502375,0.46841,0.51691,0.52971,0.53053,False
2025-05-19 01:40:34.540309,0.47486,0.52348,0.53036,0.55426,False
2025-05-19 01:40:34.570926,0.47419,0.52024,0.53893,0.55155,False
2025-05-19 01:40:34.601962,0.46989,0.53384,0.54135,0.54918,False
2025-05-19 01:40:34.636395,0.4798,0.53222,0.53806,0.55461,False
2025-05-19 01:40:34.671551,0.47262,0.52911,0.54513,0.53793,False
2025-05-19 01:40:34.701624,0.47936,0.52213,0.54637,0.54177,False
2025-05-19 01:40:34.736423,0.47462,0.52469,0.53709,0.54055,False
2025-05-19 01:40:34.765796,0.47299,0.53049,0.54405,0.54701,False
2025-05-19 01:40:34.806196,0.4734,0.52582,0.55191,0.5421,False
2025-05-19 01:40:34.833854,0.46927,0.51647,0.54842,0.54198,False
2025-05-19 01:40:34.867464,0.47098,0.52446,0.55506,0.53825,False
2025-05-19 01:40:34.896933,0.47155,0.51916,0.54535,0.52284,False
2025-05-19 01:40:34.936646,0.46899,0.52216,0.54512,0.5058,False
2025-05-19 01:40:34.965808,0.46885,0.5241,0.5479,0.52595,False
2025-05-19 01:40:34.999752,0.47314,0.5202,0.5508,0.50988,False
2025-05-19 01:40:35.029329,0.47673,0.51416,0.54825,0.51973,False
2025-05-19 01:40:35.066103,0.48056,0.53344,0.55021,0.51667,False
2025-05-19 01:40:35.099592,0.47693,0.52249,0.54675,0.51586,False
2025-05-19 01:40:35.130026,0.47805,0.52853,0.54549,0.51045,False
2025-05-19 01:40:35.163291,0.46915,0.52534,0.55481,0.50889,False
2025-05-19 01:40:35.195529,0.47006,0.52342,0.55012,0.51,False
2025-05-19 01:40:35.231645,0.47662,0.51792,0.55077,0.51478,False
2025-05-19 01:40:35.263634,0.4672,0.52224,0.54765,0.51262,False
2025-05-19 01:40:35.293677,0.46762,0.52936,0.5478,0.50773,False
2025-05-19 01:40:35.327222,0.46907,0.52483,0.54128,0.51427,False
2025-05-19 01:40:35.363869,0.4646,0.52501,0.53448,0.4908,False
2025-05-19 01:40:35.396558,0.47314,0.52768,0.54342,0.50705,False
2025-05-19 01:40:35.428873,0.47251,0.5231,0.54253,0.52298,False
2025-05-19 01:40:35.459367,0.47384,0.52852,0.54108,0.53071,False
2025-05-19 01:40:35.496945,0.47277,0.52578,0.5469,0.52302,False
2025-05-19 01:40:35.525535,0.4717,0.52934,0.54383,0.51477,False
2025-05-19 01:40:35.560320,0.45678,0.52611,0.53655,0.51564,False
2025-05-19 01:40:35.591615,0.47314,0.51302,0.53119,0.50313,False
2025-05-19 01:40:35.627857,0.46779,0.52337,0.53937,0.53733,False
2025-05-19 01:40:35.659476,0.47425,0.53111,0.53183,0.5263,False
2025-05-19 01:40:35.692025,0.4735,0.52755,0.53802,0.52589,False
2025-05-19 01:40:35.723161,0.47952,0.53027,0.54014,0.5202,False
2025-05-19 01:40:35.760421,0.46457,0.52263,0.5367,0.52108,False
2025-05-19 01:40:35.791689,0.46768,0.52225,0.54113,0.52985,False
2025-05-19 01:40:35.822812,0.46694,0.52811,0.53059,0.52257,False
2025-05-19 01:40:35.857008,0.47941,0.5263,0.5364,0.52282,False
2025-05-19 01:40:35.892691,0.47183,0.52091,0.53374,0.52272,False
2025-05-19 01:40:35.923268,0.46937,0.53744,0.53073,0.51521,False
2025-05-19 01:40:35.957431,0.46213,0.52701,0.52135,0.50152,False
2025-05-19 01:40:35.987728,0.46938,0.53152,0.52968,0.50134,False
2025-05-19 01:40:36.025153,0.47247,0.53174,0.53917,0.50866,False
2025-05-19 01:40:36.056485,0.47237,0.52503,0.53157,0.50694,False
2025-05-19 01:40:36.088052,0.48,0.52193,0.53802,0.50004,False
2025-05-19 01:40:36.120273,0.46774,0.50606,0.53151,0.50863,False
2025-05-19 01:40:36.156478,0.46977,0.51987,0.52647,0.50699,False
2025-05-19 01:40:36.185990,0.46764,0.51875,0.53363,0.50272,False
2025-05-19 01:40:36.220986,0.47023,0.52666,0.52769,0.5089,False
2025-05-19 01:40:36.250703,0.48088,0.50977,0.52973,0.50258,False
2025-05-19 01:40:36.281427,0.47131,0.52443,0.52256,0.50743,False
2025-05-19 01:40:36.321283,0.47454,0.49391,0.52654,0.49096,False
2025-05-19 01:40:36.350319,0.48121,0.51734,0.53011,0.51517,False
2025-05-19 01:40:36.385115,0.48143,0.51356,0.53032,0.52168,False
2025-05-19 01:40:36.411609,0.46871,0.51819,0.53586,0.51946,False
2025-05-19 01:40:36.447562,0.47325,0.52142,0.54043,0.51754,False
2025-05-19 01:40:36.479593,0.47135,0.52225,0.53685,0.50886,False
2025-05-19 01:40:36.511638,0.46394,0.52245,0.53683,0.50628,False
2025-05-19 01:40:36.545252,0.47179,0.53207,0.53598,0.50945,False
2025-05-19 01:40:36.585450,0.48097,0.53207,0.53857,0.52668,False
2025-05-19 01:40:36.615079,0.47706,0.53431,0.53618,0.51211,False
2025-05-19 01:40:36.647444,0.47021,0.52193,0.54241,0.52759,False
2025-05-19 01:40:36.678991,0.48573,0.54529,0.54602,0.52476,False
2025-05-19 01:40:36.717186,0.48132,0.53683,0.5425,0.52579,False
2025-05-19 01:40:36.748617,0.47285,0.53058,0.54988,0.53178,False
2025-05-19 01:40:36.779170,0.47999,0.52297,0.53537,0.51685,False
2025-05-19 01:40:36.809335,0.46689,0.52937,0.5378,0.52559,False
2025-05-19 01:40:36.848964,0.46943,0.53851,0.5377,0.53786,False
2025-05-19 01:40:36.879385,0.46747,0.53313,0.53468,0.52646,False
2025-05-19 01:40:36.912963,0.47063,0.53087,0.53685,0.5373,False
2025-05-19 01:40:36.944070,0.47685,0.52171,0.53406,0.53721,False
2025-05-19 01:40:36.980174,0.47316,0.53478,0.53689,0.53701,False
2025-05-19 01:40:37.011643,0.47043,0.52991,0.53817,0.5268,False
2025-05-19 01:40:37.042791,0.47379,0.52633,0.53624,0.53133,False
2025-05-19 01:40:37.075541,0.47083,0.52246,0.53562,0.52619,False
2025-05-19 01:40:37.113371,0.46795,0.52799,0.53349,0.5262,False
2025-05-19 01:40:37.141785,0.46547,0.53034,0.53148,0.51683,False
2025-05-19 01:40:37.177482,0.46961,0.52461,0.5307,0.50817,False
2025-05-19 01:40:37.206258,0.45319,0.51987,0.51767,0.50643,False
2025-05-19 01:40:37.245479,0.46182,0.53361,0.52044,0.51036,False
2025-05-19 01:40:37.274630,0.45934,0.52782,0.52859,0.50435,False
2025-05-19 01:40:37.308884,0.47083,0.53257,0.52128,0.51327,False
2025-05-19 01:40:37.340837,0.46936,0.52679,0.52656,0.51958,False
2025-05-19 01:40:37.372215,0.46323,0.52925,0.52692,0.51348,False
2025-05-19 01:40:37.409879,0.46899,0.52526,0.52407,0.50281,False
2025-05-19 01:40:37.438586,0.47192,0.53103,0.52902,0.5227,False
2025-05-19 01:40:37.473312,0.46745,0.52143,0.53928,0.51357,False
2025-05-19 01:40:37.502605,0.46962,0.51665,0.53605,0.51315,False
2025-05-19 01:40:37.541578,0.48366,0.52038,0.53003,0.49034,False
2025-05-19 01:40:37.570620,0.49102,0.49577,0.52832,0.49058,False
2025-05-19 01:40:37.604478,0.47937,0.51556,0.54229,0.49735,False
2025-05-19 01:40:37.634359,0.49191,0.5163,0.53658,0.47939,False
2025-05-19 01:40:37.673715,0.48919,0.5255,0.54374,0.51769,False
2025-05-19 01:40:37.703115,0.4889,0.5139,0.54877,0.50805,False
2025-05-19 01:40:37.736108,0.4857,0.51875,0.55414,0.5034,False
2025-05-19 01:40:37.767898,0.48319,0.51703,0.55161,0.50703,False
2025-05-19 01:40:37.805799,0.47588,0.52737,0.55118,0.51577,False
2025-05-19 01:40:37.833739,0.4728,0.52099,0.5452,0.51353,False
2025-05-19 01:40:37.869702,0.4751,0.52759,0.54749,0.52112,False
2025-05-19 01:40:37.899506,0.47658,0.52999,0.53269,0.51981,False
2025-05-19 01:40:37.936820,0.46997,0.52769,0.52941,0.51724,False
2025-05-19 01:40:37.967752,0.46041,0.52506,0.53157,0.50789,False
2025-05-19 01:40:37.999715,0.46388,0.52778,0.53149,0.52297,False
2025-05-19 01:40:38.032941,0.46661,0.53303,0.53315,0.52512,False
2025-05-19 01:40:38.069573,0.46638,0.52606,0.53406,0.5252,False
2025-05-19 01:40:38.098902,0.47812,0.53476,0.53053,0.50838,False
2025-05-19 01:40:38.131277,0.47335,0.54065,0.53357,0.52852,False
2025-05-19 01:40:38.163088,0.47589,0.53459,0.53773,0.5214,False
2025-05-19 01:40:38.201409,0.47234,0.52784,0.53101,0.53235,False
2025-05-19 01:40:38.231121,0.4752,0.5259,0.53608,0.52088,False
2025-05-19 01:40:38.264555,0.46738,0.52725,0.53243,0.51864,False
2025-05-19 01:40:38.294571,0.46669,0.52402,0.53383,0.53069,False
2025-05-19 01:40:38.328813,0.47093,0.52738,0.52861,0.52272,False
2025-05-19 01:40:38.365382,0.47264,0.52266,0.53067,0.5196,False
2025-05-19 01:40:38.395306,0.47666,0.53103,0.53388,0.53036,False
2025-05-19 01:40:38.428803,0.47275,0.52203,0.53865,0.52979,False
2025-05-19 01:40:38.458893,0.47112,0.53694,0.53336,0.53186,False
2025-05-19 01:40:38.497584,0.4714,0.53905,0.5279,0.52604,False
2025-05-19 01:40:38.527984,0.4747,0.53493,0.53499,0.52956,False
2025-05-19 01:40:38.560772,0.46997,0.5327,0.53108,0.51377,False
2025-05-19 01:40:38.591025,0.46906,0.53529,0.53224,0.52263,False
2025-05-19 01:40:38.629702,0.47018,0.53062,0.52882,0.51586,False
2025-05-19 01:40:38.659537,0.4679,0.53278,0.53569,0.51897,False
2025-05-19 01:40:38.691467,0.46214,0.52807,0.53746,0.52256,False
2025-05-19 01:40:38.723489,0.46504,0.52758,0.53132,0.51352,False
2025-05-19 01:40:38.761563,0.46644,0.53118,0.53091,0.52537,False
2025-05-19 01:40:38.790098,0.46906,0.53205,0.53505,0.52324,False
2025-05-19 01:40:38.823439,0.46711,0.52512,0.52868,0.52368,False
2025-05-19 01:40:38.855994,0.46775,0.52814,0.52396,0.52005,False
2025-05-19 01:40:38.892934,0.46904,0.53088,0.53185,0.52778,False
2025-05-19 01:40:38.922791,0.46054,0.52685,0.52216,0.52609,False
2025-05-19 01:40:38.956709,0.45405,0.52567,0.51989,0.50847,False
2025-05-19 01:40:38.988922,0.45984,0.51354,0.52325,0.50964,False
2025-05-19 01:40:39.025924,0.46499,0.5054,0.52221,0.50923,False
2025-05-19 01:40:39.054947,0.46133,0.52389,0.51978,0.51218,False
2025-05-19 01:40:39.088218,0.4596,0.52497,0.52134,0.51034,False
2025-05-19 01:40:39.119749,0.46366,0.52638,0.52562,0.51649,False
2025-05-19 01:40:39.158258,0.46229,0.52624,0.52211,0.5019,False
2025-05-19 01:40:39.187421,0.46015,0.52654,0.52149,0.50766,False
2025-05-19 01:40:39.220153,0.46466,0.52614,0.52181,0.51657,False
2025-05-19 01:40:39.253501,0.46487,0.51647,0.51997,0.50842,False
2025-05-19 01:40:39.287143,0.4625,0.52825,0.52119,0.5062,False
2025-05-19 01:40:39.320349,0.46447,0.51513,0.52302,0.50302,False
2025-05-19 01:40:39.351894,0.46466,0.52755,0.52384,0.48836,False
2025-05-19 01:40:39.384440,0.46572,0.52215,0.53235,0.49634,False
2025-05-19 01:40:39.415233,0.46911,0.51927,0.52072,0.48148,False
2025-05-19 01:40:39.452168,0.4642,0.52491,0.52415,0.50129,False
2025-05-19 01:40:39.483339,0.47804,0.52386,0.52061,0.46631,False
2025-05-19 01:40:39.517759,0.48266,0.50876,0.50412,0.45947,False
2025-05-19 01:40:39.546388,0.48134,0.52344,0.51517,0.46727,False
2025-05-19 01:40:39.585743,0.48132,0.50639,0.50316,0.43381,False
2025-05-19 01:40:39.615063,0.4748,0.49452,0.51809,0.48658,False
2025-05-19 01:40:39.648481,0.47597,0.52121,0.5257,0.49386,False
2025-05-19 01:40:39.679267,0.46859,0.53061,0.52399,0.49937,False
2025-05-19 01:40:39.717300,0.47795,0.5358,0.5139,0.50702,False
2025-05-19 01:40:39.747699,0.47447,0.53759,0.51812,0.5032,False
2025-05-19 01:40:39.781179,0.46939,0.5326,0.52276,0.48695,False
2025-05-19 01:40:39.809903,0.47294,0.52561,0.52959,0.4813,False
2025-05-19 01:40:39.849932,0.47441,0.53208,0.53801,0.50063,False
2025-05-19 01:40:39.878563,0.47562,0.52716,0.53235,0.49694,False
2025-05-19 01:40:39.912593,0.47586,0.53355,0.52877,0.48694,False
2025-05-19 01:40:39.944560,0.47555,0.532,0.53371,0.4876,False
2025-05-19 01:40:39.981718,0.47425,0.53024,0.53925,0.49316,False
2025-05-19 01:40:40.011891,0.47592,0.53676,0.52906,0.48199,False
